:020000040800F2
:10000000B8380020990200084D620008D14E00085F
:1000100049620008B1110008018F000800000000CB
:100020000000000000000000000000005D820008E9
:10003000C111000800000000516200087585000829
:10004000B3020008B3020008B3020008B3020008BC
:10005000B3020008B3020008B3020008B3020008AC
:10006000B3020008B3020008B3020008B51100088B
:10007000B3020008B3020008B3020008B30200088C
:10008000B3020008000000001D0E0008B3020008C3
:10009000B3020008B3020008B3020008B30200086C
:1000A000B3020008B3020008B3020008B30200085C
:1000B0008D850008B3020008B3020008B3020008EF
:1000C000B3020008B3020008B3020008B30200083C
:1000D000B3020008F58E0008B3020008B30200085E
:1000E000B3020008B3020008B3020008B30200081C
:1000F000B3020008B3020008B302000800000000C9
:1001000000000000B302000800000000B302000875
:10011000B302000800000000B3020008B3020008A8
:10012000B3020008B3020008B3020008B3020008DB
:10013000B30200080000000000000000B302000845
:10014000B3020008B3020008000000000000000035
:10015000000000000000000000000000000000009F
:10016000000000000000000000000000B3020008D2
:10017000B3020008000000000000000000000000C2
:1001800000000000B30200080000000000000000B2
:10019000000000000000000000000000000000005F
:1001A0000000000000000000B3020008B3020008D5
:1001B000B3020008B3020008B30200080000000008
:1001C00000000000B3020008000000000000000072
:1001D000B3020008B302000800F002F800F04CF887
:1001E0000AA090E8000C82448344AAF10107DA4592
:1001F00001D100F041F8AFF2090EBAE80F0013F098
:10020000010F18BFFB1A43F00103184744E8000030
:1002100064E80000103A24BF78C878C1FAD85207C1
:1002200024BF30C830C144BF04680C607047000070
:100230000023002400250026103A28BF78C1FBD8EF
:10024000520728BF30C148BF0B60704766290AF0CB
:100250007B83642900F0CC80002070471FB50AF032
:1002600066FB00F061FC0400002000210AF0D2FAD5
:10027000E0601FBD10B510BD00F05AFD1146FFF73C
:10028000EDFF09F01FFD00F078FD03B4FFF7F2FF6A
:1002900003BC00F0BBFD0000094880470948004747
:1002A000FEE7FEE7FEE7FEE7FEE7FEE7FEE7FEE726
:1002B000FEE7FEE704480549054A064B7047000083
:1002C00079850008D9010008B8320020B83800202C
:1002D000B8340020B834002053EA020C00F06980E2
:1002E0002DE9F04B4FF00006002B1FBFB3FA83F54A
:1002F00003FA05F424FA05F65E4012BF1643B2FA7B
:1003000082F502FA05F4C5F120051EBF22FA05FCAC
:1003100044EA0C04203556EA044C4FEA144418BF52
:10032000641C4FF000084FF00009904271EB030C81
:1003300039D3002919BFB1FA81F701FA07F6B0FAEB
:1003400080F700FA07F6C7F120071EBF20FA07FC66
:1003500046EA0C062037B6FBF4FCA7EB0507103F76
:1003600007F01F0BCBF120062CFA06F60CFA0BFB5C
:1003700044BFB3460026202FA4BF5E464FF0000BBB
:100380005BEA060C08BF4FF0010B19EB0B0948EBB9
:100390000608ABFB027C06FB02CC0BFB03CCC01BAC
:1003A00071EB0C01C1E70B46024641464846BDE8E9
:1003B000F08B13B5084318BF4FF0FF300146AFF381
:1003C0000080BDE81C4070470FB41CB5074B06AA5F
:1003D0007B4469460090059800F08DFB002069463B
:1003E00000F09CFB1CBC5DF814FB000049070000FA
:1003F0002DE9F0410646002410687529314616A5FE
:1004000010D0AFF30080002802DA404213A507E0C5
:1004100031688A0701D512A502E0490704D511A564
:10042000012401E0AFF3008000210A2206F1240735
:1004300009E0B0FBF2FCB0FBF2F302FB1C00303031
:1004400078541846491C0028F3D123462A463046E2
:10045000BDE8F04100F0E3B8000000002D0000000E
:100460002B000000200000002DE9F0474FF0000AAB
:1004700089460446C0F820A02046E1688847002845
:1004800076D0252806D0D4E901219047206A401C67
:100490002062F1E7E168204600258847C4F81CA0E7
:1004A00006460027C4F818A02A2E09D030460AF0C4
:1004B000A9F938B304EB8708303EC8F8186019E092
:1004C00059F8041B204604EB87029161E1688847D4
:1004D000012F064618D1E069002820DA25F0200512
:1004E0001DE0D8F8180000EB800006EB4000303823
:1004F000C8F818002046E168884706460AF082F9E5
:100500000028EED1012F0AD02E2E08D12046E16816
:1005100088477F1C0646022F45F02005C4DBA069F2
:10052000002803DA404245F00105A061E80701D048
:1005300025F01005B6B1A6F14100192802D82036E1
:1005400045F400654A463146204625604D46FFF792
:100550007DFE58B1012806D0ED1D25F0070000F101
:10056000080989E704E005F1040985E730468AE7D0
:10057000206ABDE8F08710B5431C02E010F8011BAB
:1005800071B18107FAD14FF0013202C88C1A8C4345
:1005900014EAC211F9D0C01A0A0603D0C01E10BD59
:1005A000C01A10BD0A0401D0801E10BD0902FCD083
:1005B000401E10BD4FF0000200B51346944696460B
:1005C000203922BFA0E80C50A0E80C50B1F1200166
:1005D000BFF4F7AF090728BFA0E80C5048BF0CC014
:1005E0005DF804EB890028BF40F8042B08BF704772
:1005F00048BF20F8022B11F0804F18BF00F8012BE4
:10060000704770477047704710B500F091FA006866
:1006100010BD10B5044600F08BFA046010BD2DE942
:10062000F0470D4699469246044600F124080168B9
:10063000880604D5E06921F01001216000E0012066
:10064000A84201DD471B00E00027A1697A1902EBEF
:100650000900081AA0612078C00602D42046AFF332
:100660000080002608E0D4E901211AF8060090472E
:10067000206A401C761C20624E45F4DB2078C006C0
:100680000AD52046AFF3008006E0D4E901213020EE
:100690009047206A401C2062381EA7F10107F4DC55
:1006A00007E0D4E9012118F805009047206A401CB2
:1006B0002062281EA5F10105F3DC2046AFF300807F
:1006C0002078000602D50220BDE8F0870120FBE774
:1006D0002DE9FF4F0C461E464FF0FF378BB0D2E995
:1006E0000001DDF860800A908A46C1F30A5505B919
:1006F0003D46002108464FF00000BAF1000F00F41B
:10070000400005DA00EB80004FF4400101EA5000A0
:100710004FEA9059B9F1010F00DDB9460A9850EA45
:100720004A000ED044F61050A5F2FF3545432F1471
:10073000B8F1000F1ED07542291E1EDDC9F100025E
:100740001CE0B8F1010F4FF0000001D0302103E0B0
:10075000F24305E02154401CB042FBDB304600224E
:10076000002121540B99C1F80880C1E900200FB085
:10077000BDE8F08FBD1B6D1CDEE74A4600DA69421A
:1007800006A800F05FFA06AB93E8070003AB83E826
:10079000070050460A9909F0DAFA8DE80700A0F53B
:1007A00000501F3800900398002D0ADD42F21F010F
:1007B0004A460844002303A90390684609F044FD13
:1007C00009E0A0F500504A461F38002303A9039012
:1007D000684609F04EFD8DE807000004000C03D0C8
:1007E0004FF0FF30410800E01046B8F1000F03D091
:1007F0000022009215461EE0751E05D400F09CF9FB
:10080000303262556D1EF9D5B3460122084302D03D
:1008100000227F1C04E02078302801D100227F1EB6
:10082000002A099784D01DE0112D07DA00F084F921
:10083000303262556D1C50EA0102F5D1084302D0F6
:100840000098C8B10EE00021681E05E0235C625CE0
:1008500063542254401E491C8142F7DBAB46A81B5F
:10086000401E0990002004F80B000B98099AC0F86C
:100870000880C0E9002B7AE711264FF0000857E7FF
:100880002DE9F04F88460446D21D22F0070191B0B1
:10089000D1E90001CDE90A0109F022FE02460B98D8
:1008A000C00F01D02D2007E02068810701D52B2043
:1008B00002E0202101EAC000032A099001D0072AA2
:1008C00005DB03464146204600F07CF90BE1207829
:1008D000800601D5E06900E00620B8F1650F814689
:1008E00006D0B8F1660F18D0B8F1670F70D131E0BB
:1008F0000020B9F1110F009001DB112301E009F193
:1009000001030AAA01A90CA8FFF7E2FEDDE90C70B9
:10091000002609F10105834647E001204B4600907F
:100920004FF000470AAA01A90CA8FFF7D1FEDDE9A4
:100930000DB00C995D46002610B909F101000D18A3
:10094000B9EB050003D4C0F1FF3609F10105A5EBB1
:1009500009002BE0B9F1010F01DA4FF00109002085
:10096000B9F1110F0090484601DD112300E0034664
:100970000AAA01A90CA8FFF7ABFEDDE90C704D46F1
:1009800000268346207800070AD4AB4500DA5D468E
:1009900001A8012D04DD411911F8011C302907D0EF
:1009A0004F4502DA17F1040F04DA012082460FE006
:1009B0006D1EEEE7002F02DCED1B3E4403E0781CC9
:1009C000A84200DD7D1CB81B00F1010A4FF0004772
:1009D0002078000703D4AA4501DB4FF0FF3A00213D
:1009E000B7F1004F0DF143088DF8431024D00220D9
:1009F0002B23002F01DA7F422D230A21021EA0F1B2
:100A0000010000DC5FB197FBF1FC97FBF1F201FB09
:100A10001C7C17460CF1300C08F801CDEEE7A8F16C
:100A2000010003702188090501D5452100E06521F9
:100A3000A0F1010800F8011C09980FA9A1EB080713
:100A4000FF1D00B10120411901EBEA70A169384492
:100A5000081A401EA0612078C00602D42046AFF3D9
:100A60000080099828B1D4E901219047206A401CF0
:100A700020622078C00622D52046AFF300801EE019
:100A8000002E04DBB34502DD01A8805D00E03020CC
:100A9000D4E901219047206A401C2062761CAAF10B
:100AA00001005FEA000A0AD100F03EF8C068016860
:100AB000405CD4E901219047206A401C2062281E36
:100AC000A5F10105DCDC07E0D4E9012118F8010BF0
:100AD0009047206A401C2062381EA7F10107F3DC12
:100AE0002046AFF30080032011B041E601694A1CA3
:100AF00002610878704700B58FB0CDE9013100215F
:100B0000059105497944CDE9031011466846FFF780
:100B1000ABFC0FB000BD0000E5FFFFFF0A6802F864
:100B2000010B0A6070470000004870473000002049
:100B3000004870471000002030B5B0F10A0271F192
:100B400000034FEA900E4EEA817EB0EB0E0061EB9F
:100B500091014FEA101E4EEA017E10EB0E0041EBB0
:100B600011114FEA102E4EEA016E10EB0E0041EB10
:100B700011214FEA104E4EEA014E10EB0E0041EBF0
:100B80001141401841F100014FEAD00040EA4170A4
:100B90004FEAD1014FEA810444EA907410EB8005DA
:100BA00044EB01046D1944EB0404521BA3414FF0C4
:100BB000000348BF0A3200D530BD401C41F100019E
:100BC00030BD00002DE9F0411F46044603260168B0
:100BD000072A01F4006004DB08B116A505E016A59C
:100BE00003E008B115A500E015A521F01000206074
:100BF000A069C01EA0610FB1401EA0612046AFF3E6
:100C000000804FB1D4E9012138469047206A401C4A
:100C10002062C01C206206E0206AFAE7D4E90121C4
:100C200015F8010B9047761EF8D22046AFF30080EE
:100C3000BDE8F0814E414E006E616E00494E4600A7
:100C4000696E66002DE9F047814616468AB0354840
:100C500078440DC88DE80D0032487844801C03AC00
:100C60000DC884E80D0041F69B300844372190FB05
:100C7000F1F290FBF1F5A5F1800501FB12041B3C9C
:100C800002D56442012000E00020DFF898A08046F1
:100C90000027FA44AAF1BE0A0EE0E0070AD0324665
:100CA000684607EB470101230AEB810109F0E1FAED
:100CB0008DE8070064107F1C002CEED1194F7F4493
:100CC000AE3F19E0E80715D007EB04100DF1180A44
:100CD00090E80E008AE80E00C068F04201D1981931
:100CE00008903246012306A903A809F0C2FA03AB13
:100CF00083E807006D10641C002DE3D14FF0010361
:100D000032466946B8F1000F03A802D009F09CFAF8
:100D100001E009F0AEFAC9E90001C9F808200AB0FB
:100D2000BDE8F087949D0000004870471000002047
:100D30007546FFF7F9FFAE4605006946534620F0B9
:100D40000700854618B020B5FFF7B4FABDE820408B
:100D50004FF000064FF000074FF000084FF0000B77
:100D6000AC46ACE8C009ACE8C009ACE8C009ACE8E6
:100D7000C00921F007018D46704710B50446AFF356
:100D800000802046BDE81040FFF77FBA0000000059
:100D900030B44FF0013C50F8042B51F8043BCCFA2E
:100DA00052F4D51A20D1FCB950F8042B51F8043B69
:100DB000CCFA52F4D51A17D1B4B950F8042B51F823
:100DC000043BCCFA52F4D51A0ED16CB950F8042B6E
:100DD00051F8043BCCFA52F4D51A05D1002CDAD0E4
:100DE00030BC4FF00000704729BAB1FA81F111F020
:100DF0001801D1F120008440F2D1CA40CB4012F05A
:100E0000FF0213F0FF0330BCD01A704701491820CD
:100E1000ABBEFEE7260002007047000043F2D000A0
:100E2000C2F2000001F082BA70B504460068826820
:100E3000836802F0040203F00803D21800F0BA80BD
:100E4000C26892016ED5627F012A6BD1227F012A8E
:100E500068D10168490661D40121CAF240310268B3
:100E600052065BD40268520658D4026852065CBF30
:100E700002685FEA426251D4026852065CBF0268AF
:100E80005FEA42624AD4026852065CBF02685FEAC7
:100E9000426243D4026852065CBF02685FEA426263
:100EA0003CD4026852065CBF02685FEA426235D4F5
:100EB000026852065CBF02685FEA42622ED4026892
:100EC00052065CBF02685FEA426227D4026852069B
:100ED0005CBF02685FEA426220D4026852065CBFCF
:100EE00002685FEA426219D4026852065CBF026877
:100EF0005FEA426212D4026852065CBF02685FEA8F
:100F000042620BD4026852065CBF02685FEA42622A
:100F100004D41B3944D002685206A0D54021016098
:100F2000012105E0022903D10221082612E000BFB9
:100F3000826852070AD58268920707D482684FF602
:100F4000C073C7F6FF731A401032826001294FF058
:100F5000040610D0826812070AD58268920707D467
:100F600082684FF6C073C7F6FF731A402032826062
:100F7000032908BF0C2602F08FF8216889683142E6
:100F800018D0054603E000BF8068304212D002F05E
:100F900083F8411B20680629F6D381683142F3D0DB
:100FA000E06D40F01000E065206E40F0010020662A
:100FB000012070BD002070BD0146806AC36DC26D06
:100FC00013F0500F08D0D20648BF01F0ADB9406D04
:100FD000426B0846104700BF42F40071C1650168CA
:100FE0000B68CA681B0703D4910707D501F07CB9C9
:100FF00012F4406FFAD1C9688904F7D4C16D21F4A5
:101000008071C165C16DC90448BF01F06DB9C16D82
:1010100041F00101C16501F067B90000806AC16D4E
:1010200041F04001C165016E41F00401016601F02B
:101030007BB90000806A01F075B90000B0B50168A5
:1010400004468A688868C0074FF0000031D012F06B
:10105000020218BFB0BD886800F00D0001281FD142
:1010600088684FF6C072C7F6FF7210400230886081
:101070000320086002F010F821688968C90704BFDE
:101080000020B0BD054602E08068C00712D002F023
:1010900003F8411B20680329F6D38168C907F3D000
:1010A000E06D40F01000E065206E40F00100206629
:1010B0000120B0BD0020B0BD70B582B00446002054
:1010C000019021688A68D20711D14FF6C076C7F621
:1010D000FF76886806F17F0210420BD0E06D40F089
:1010E0001000E065206E40F001002066012002B093
:1010F00070BD00BF8868304040F00100886040F259
:101100000830C5F200000068000221D401F0C4FFDD
:1011100021680A68D20717D1054602E00868C007AF
:1011200012D18868C00704D18868304040F00100BF
:10113000886001F0B1FF401B21680328EED30868E6
:10114000C007EBD1CAE700BF002002B070BD00BFEE
:1011500040F20C00C2F20000006842F663518009C0
:10116000C0F23E51A0FB0101880900EB40000C21B8
:1011700001EB8000019001980028C7D00198013848
:10118000019001980028C1D0019801380190019880
:101190000028BBD001980138019001980028B5D0F3
:1011A00001980138019001980028E7D1AEE70000CE
:1011B000FEE7000043F23C10C2F2000001F018BD4F
:1011C00070470000EFF3108072B600BFFEE700002A
:1011D0002DE9F04F81B02DED0A8B40F27009C2F27B
:1011E000000999ED010A40F2CC000021C2F2000092
:1011F000435E421801EE103AB2F90230B8EEC11A5D
:1012000030EE010AB2F9047001EE103AB8EEC11ADC
:10121000B2F9066030EE010A01EE107AB8EEC11A9A
:10122000B2F9085030EE010A01EE106AB8EEC11AA8
:1012300030EE010A01EE105AB2F90A30B8EEC11AC6
:1012400030EE010A01EE103AB2F90C30B8EEC11AD4
:1012500030EE010A01EE103AB2F90E30B8EEC11AC2
:1012600030EE010A01EE103AB2F91030B8EEC11AB0
:1012700030EE010A01EE103AB2F91230B8EEC11A9E
:1012800030EE010A01EE103AB2F91430B8EEC11A8C
:1012900030EE010A01EE103AB2F91630B8EEC11A7A
:1012A00030EE010A01EE103AB2F91830B8EEC11A68
:1012B00030EE010A01EE103AB2F91A30B8EEC11A56
:1012C00030EE010A01EE103AB2F91C30B8EEC11A44
:1012D00030EE010A01EE103AB2F91E20B8EEC11A42
:1012E00030EE010A01EE102AB8EEC11A2031B1F534
:1012F000006F30EE010A7FF47BAF9FED041A0021EE
:1013000020EE010A89ED010A02E000BF0000803AE8
:10131000435E421801EE103AB8EEC11A31EE401A9F
:10132000BDEEC11A11EE103A4352B2F90230B2F9D1
:10133000047001EE103AB8EEC11A31EE401ABDEE5B
:10134000C11A11EE103A01EE107AB8EEC11AB2F9D4
:10135000066031EE401ABDEEC11A538011EE103A0C
:1013600001EE106AB8EEC11AB2F9085031EE401A17
:10137000BDEEC11A938011EE103A01EE105AB8EE8C
:10138000C11A31EE401AB2F90A70BDEEC11AD3800B
:1013900011EE103A01EE107AB8EEC11A31EE401A91
:1013A000B2F90C70BDEEC11A138111EE103A01EEC4
:1013B000107AB8EEC11A31EE401AB2F90E70BDEED5
:1013C000C11A538111EE103A01EE107AB8EEC11A2B
:1013D00031EE401AB2F91070BDEEC11A938111EED0
:1013E000103A01EE107AB8EEC11A31EE401AB2F995
:1013F0001270BDEEC11AD38111EE103A01EE107ACF
:10140000B8EEC11A31EE401AB2F91470BDEEC11A2D
:10141000138211EE103A01EE107AB8EEC11A31EED5
:10142000401AB2F91670BDEEC11A538211EE103A8D
:1014300001EE107AB8EEC11A31EE401AB2F9187006
:10144000BDEEC11A938211EE103A01EE107AB8EE99
:10145000C11A31EE401AB2F91A70BDEEC11AD38228
:1014600011EE103A01EE107AB8EEC11A31EE401AC0
:10147000B2F91C70BDEEC11A138311EE103A01EEE1
:10148000107AB8EEC11A31EE401AB2F91E70BDEEF4
:10149000C11A538311EE103A01EE107AB8EEC11A58
:1014A00031EE401ABDEEC11A2031938311EE103A8D
:1014B000B1F5006FD3837FF42BAF9FED949A9FED2E
:1014C00094AA00F10E044FF0000A6FF01F0BB6EE65
:1014D000008AB7EE00BA0026002500BF00EE105AC1
:1014E000B8EEC00A20EE090A80EE0A0A34F90E0CA2
:1014F00001EE100AB8EEC11A21EE08CA09F008F888
:10150000681C01EE100AB8EEC11A21EE091A81EE2C
:101510000A1A40F6D0083BEE400AC2F2000834F93D
:101520000C0C2CEE000A08EB060787ED000A00EE13
:10153000100AB8EEC00A20EE08CAC7F804A0B0EE40
:10154000410A08F0E5FFA81C01EE100AB8EEC11A26
:1015500021EE091A81EE0A1A3BEE400A34F90A0C10
:101560002CEE000A87ED020A00EE100AB8EEC00A5F
:1015700020EE08CAC7F80CA0B0EE410A08F0C8FF78
:10158000E81C01EE100AB8EEC11A21EE091A81EE2C
:101590000A1A3BEE400A34F9080C2CEE000A87EDDB
:1015A000040A00EE100AB8EEC00A20EE08CAC7F816
:1015B00014A0B0EE410A08F0ABFF281D01EE100A9E
:1015C000B8EEC11A21EE091A81EE0A1A3BEE400A62
:1015D00034F9060C2CEE000A87ED060A00EE100A1C
:1015E000B8EEC00AD84420EE08CAC8F83CA0B0EE55
:1015F000410A08F08DFF681D01EE100AB8EEC11A0D
:1016000021EE091A81EE0A1A3BEE400A34F9040C65
:101610002CEE000A88ED100A00EE100AB8EEC00A9F
:1016200020EE08CAC7F824A0B0EE410A08F070FF07
:10163000A81D01EE100AB8EEC11A21EE091A81EEBA
:101640000A1A3BEE400A34F9020C2CEE000A87ED30
:101650000A0A00EE100AB8EEC00A20EE08CAC7F85F
:101660002CA0B0EE410A08F053FFE81D01EE100A6D
:10167000B8EEC11A21EE091A81EE0A1A3BEE400AB1
:1016800034F9100B2CEE000A87ED0C0A00EE100A5C
:10169000B8EEC00A20EE08CAC7F834A0B0EE410A7E
:1016A00008F036FF3BEE400A08352CEE000A4036C3
:1016B000B5F5806F0BF1400B87ED0E0AC7F83CA023
:1016C0007FF40CAF40F6D005D9F80800C2F200054F
:1016D00029460022012307F037FC42F6D004C2F26B
:1016E0000004284621464FF4007207F067FF94ED8E
:1016F000000A04F1200020EE080A84ED000A99EDAA
:10170000050A0F2140F20F2216E000BFDB0FC9408F
:1017100000C07F4490ED071A4030B4EE401AF1EE5D
:1017200010FAC2BF89ED051AA9F80210B0EE410AFD
:101730001031914200F05A8110ED081AB4EE401AAF
:10174000F1EE10FA70DC10ED071AB4EE401AF1EE6B
:1017500010FA78DC10ED061AB4EE401AF1EE10FA29
:1017600000F3818010ED051AB4EE401AF1EE10FA84
:1017700000F3898010ED041AB4EE401AF1EE10FA6D
:1017800000F3918010ED031AB4EE401AF1EE10FA56
:1017900000F3998010ED021AB4EE401AF1EE10FA3F
:1017A00000F3A18010ED011AB4EE401AF1EE10FA28
:1017B00000F3A98090ED001AB4EE401AF1EE10FA91
:1017C00000F3B18090ED011AB4EE401AF1EE10FA78
:1017D00000F3B88090ED021AB4EE401AF1EE10FA60
:1017E00000F3BF8090ED031AB4EE401AF1EE10FA48
:1017F00000F3C68090ED041AB4EE401AF1EE10FA30
:1018000000F3CD8090ED051AB4EE401AF1EE10FA17
:1018100000F3D48090ED061AB4EE401AF1EE10FAFF
:101820007FF778AFD9E000BFA1F10F03B0EE410A16
:1018300089ED051AA9F8023010ED071AB4EE401A26
:10184000F1EE10FA86DDA1F10E03B0EE410A89ED4A
:10185000051AA9F8023010ED061AB4EE401AF1EE9E
:1018600010FA7FF77FAFA1F10D03B0EE410A89EDC9
:10187000051AA9F8023010ED051AB4EE401AF1EE7F
:1018800010FA7FF777AFA1F10C03B0EE410A89EDB2
:10189000051AA9F8023010ED041AB4EE401AF1EE60
:1018A00010FA7FF76FAFA1F10B03B0EE410A89ED9B
:1018B000051AA9F8023010ED031AB4EE401AF1EE41
:1018C00010FA7FF767AFA1F10A03B0EE410A89ED84
:1018D000051AA9F8023010ED021AB4EE401AF1EE22
:1018E00010FA7FF75FAFA1F10903B0EE410A89ED6D
:1018F000051AA9F8023010ED011AB4EE401AF1EE03
:1019000010FA7FF757AFA1F10803B0EE410A89ED55
:10191000051AA9F8023090ED001AB4EE401AF1EE63
:1019200010FA7FF74FAFCB1FB0EE410A89ED051AD1
:10193000A9F8023090ED011AB4EE401AF1EE10FA57
:101940007FF748AF8B1FB0EE410A89ED051AA9F861
:10195000023090ED021AB4EE401AF1EE10FA7FF761
:1019600041AF4B1FB0EE410A89ED051AA9F80230CC
:1019700090ED031AB4EE401AF1EE10FA7FF73AAF89
:101980000B1FB0EE410A89ED051AA9F8023090ED5F
:10199000041AB4EE401AF1EE10FA7FF733AFCB1E03
:1019A000B0EE410A89ED051AA9F8023090ED051A4A
:1019B000B4EE401AF1EE10FA7FF72CAF8B1EB0EEAA
:1019C000410A89ED051AA9F8023090ED061AB4EE25
:1019D000401AF1EE10FA7FF79DAE4B1EB0EE410AB1
:1019E00089ED051AA9F8023094E600BF002000BF77
:1019F000211891ED012A91ED001A82EE002A91ED55
:101A0000023A81EE001A83EE003A91ED034A91ED1D
:101A1000075A91ED086A91ED097AD1ED0A0AD1EDE4
:101A20000B1AD1ED0C2AD1ED0D3AD1ED0E4AD1EDC4
:101A30000F5A81ED012A84EE002A81ED001A81ED12
:101A4000023A91ED041A91ED053A91ED064A81EEC4
:101A5000001A83EE003A84EE004A85EE005A86EEC4
:101A6000006A87EE007AC0EE800AC1EE801AC2EEEC
:101A7000802AC3EE803AC4EE804A81ED032A85EEC7
:101A8000802A4030B0F5006F81ED041A81ED053AEF
:101A900081ED064A81ED075A81ED086A81ED097AE8
:101AA000C1ED0A0AC1ED0B1AC1ED0C2AC1ED0D3AC8
:101AB000C1ED0E4A81ED0F2A9AD1B9F802006321D7
:101AC000414300EE101A6FF0020101EB40010322C6
:101AD00002EB40028BB2B8EEC00A9A4289ED030ACB
:101AE00046D999ED060A00BF04EB830393ED001A73
:101AF0004B1CB4EE401AF1EE10FA9BB2C4BF89ED54
:101B0000061AB0EE410A9A4232D904EB830393EDF0
:101B1000001A8B1CB4EE401AF1EE10FA9BB2C4BF4F
:101B200089ED061AB0EE410A9A4221D904EB8303EB
:101B300093ED001ACB1CB4EE401AF1EE10FA9BB2F2
:101B4000C4BF89ED061AB0EE410A9A4210D904EBDF
:101B5000830393ED001A0431B4EE401AF1EE10FA4B
:101B60008BB2C4BF89ED061AB0EE410A9A42BBD8C7
:101B700000EB4002D11E03328BB29A4246D999ED56
:101B8000070A00BF04EB830393ED001A4B1CB4EE6D
:101B9000401AF1EE10FA9BB2C4BF89ED071AB0EEFD
:101BA000410A9A4232D904EB830393ED001A8B1C4D
:101BB000B4EE401AF1EE10FA9BB2C4BF89ED071AD9
:101BC000B0EE410A9A4221D904EB830393ED001A47
:101BD000CB1CB4EE401AF1EE10FA9BB2C4BF89EDF3
:101BE000071AB0EE410A9A4210D904EB830393ED31
:101BF000001A0431B4EE401AF1EE10FA8BB2C4BFF1
:101C000089ED071AB0EE410A9A42BBD86FF0020183
:101C100001EB8001820003328BB29A4246D999EDE2
:101C2000080A00BF04EB830393ED001A4B1CB4EECB
:101C3000401AF1EE10FA9BB2C4BF89ED081AB0EE5B
:101C4000410A9A4232D904EB830393ED001A8B1CAC
:101C5000B4EE401AF1EE10FA9BB2C4BF89ED081A37
:101C6000B0EE410A9A4221D904EB830393ED001AA6
:101C7000CB1CB4EE401AF1EE10FA9BB2C4BF89ED52
:101C8000081AB0EE410A9A4210D904EB830393ED8F
:101C9000001A0431B4EE401AF1EE10FA8BB2C4BF50
:101CA00089ED081AB0EE410A9A42BBD800EB8001D8
:101CB000C81E99ED090A033182B2914244D900BF8E
:101CC00004EB820292ED001A421CB4EE401AF1EECF
:101CD00010FA92B2C4BF89ED091AB0EE410A9142DE
:101CE00032D904EB820292ED001A821CB4EE401A43
:101CF000F1EE10FA92B2C4BF89ED091AB0EE410AB2
:101D0000914221D904EB820292ED001AC21CB4EE7A
:101D1000401AF1EE10FA92B2C4BF89ED091AB0EE82
:101D2000410A914210D904EB820292ED001A04306C
:101D3000B4EE401AF1EE10FAC4BF89ED091AB0EE04
:101D4000410A82B29142BBD899ED062A99ED041A54
:101D500099ED073A99ED084A22EE022A32EE011A6D
:101D600023EE032A32EE011A24EE042A32EE011A7F
:101D700020EE000A30EE010AB1EEC00A89ED040A35
:101D8000BDEC0A8B01B0BDE8F08F0000B0B582B0A9
:101D900004460020019094F85800012802D1022046
:101DA00002B0B0BD012084F8580020460D46FFF770
:101DB00045F9E16D10B141F010014BE041F2021222
:101DC00091430231E16521684FF6C073D1F808C034
:101DD000C3F6FF7303EA0C0305F080454DF601627C
:101DE0002B44C0F2040203F100438B608B68B3F113
:101DF000FF3F2BDC019B01330193019B93421DD8D4
:101E00008B68B3F1FF3F21DC019B01330193019B00
:101E1000934213D88B68B3F1FF3F17DC019B01336A
:101E20000193019B934209D88B68B3F1FF3F0DDC0E
:101E3000019B01330193019B9342D7D9E06D40F0A0
:101E4000100020F00201012004E000BFE16D01223A
:101E500062F30101E165002184F8581002B0B0BDC1
:101E60007047000070470000704700007047000096
:101E70007047000070B582B090F85820012A03D155
:101E80000221084602B070BD002201920092026851
:101E9000B2F1A04F30D140F208324FF6006C4FF64D
:101EA0000055C5F20002CFF6FF7CCFF6FF7552F861
:101EB0000C40535923435B071ED4D1F800E013684C
:101EC000BEF1000F23F4604422D04B6890F83860D4
:101ED00043EA463323431360535952F80C603343AB
:101EE000DB0723D1136840F61F768968B343194393
:101EF00041EA0E0117E000BFC16D41F02001C1654C
:101F00000121002280F85820084602B070BD00BFB1
:101F10001460515952F80C301943C90708D111689F
:101F200040F61F73994311600021EAE70021E8E7BA
:101F30000021E6E7F0B581B00022009290F8582029
:101F4000012A03D10221084601B0F0BD0123076830
:101F500080F85830BB685B0736D4D1E900531F26A0
:101F6000C3F3012407EB8404226B03F01F039E409C
:101F7000B243C5F3846606FA03F31A432263BA68D0
:101F8000BB6802F0040203F00803D21840F0BD80E1
:101F90000A6807F114030426C2F34064D1F808E08C
:101FA00006EAD25C53F82450C2F304540722A2403C
:101FB000BEF1004F25EA02050CD143F80C501A6817
:101FC00042F000430EE000BFC16D41F02001C16549
:101FD000012182E10EFA04F22A4343F80C201A6828
:101FE00022F000437B61D1E90434FD68042B5FD10A
:101FF0003A6E3A6E0B68C2F3846293FAA3F6C3F3A7
:10200000846C6FF3DF43B6FA86F5002B2C464FF64F
:10201000FF7E08BF6446A242C0F2070E0CD13A6EA2
:1020200022F000423A660A6802EA0E03C2F3846CA8
:1020300092FAA2F2B2FA82F57A6E7A6E002BC2F3AD
:1020400084622C4608BF6446A2420CD17A6E22F00C
:1020500000427A660A6802EA0E03C2F3846C92FABE
:10206000A2F2B2FA82F5BA6EBA6E002BC2F38462A3
:102070002C4608BF6446A2420CD1BA6E22F0004240
:10208000BA660A6802EA0E03C2F3846C92FAA2F2FC
:10209000B2FA82F5FA6EFA6E002BC2F3846208BFC0
:1020A0006546AA4231D1FA6E22F00042FA662CE06F
:1020B000062202EA95020E6807F1600504FA02FCA6
:1020C00055F823404FF20002C0F2FF3206F0F84606
:1020D000224046EA0C06324342F0004245F82320F3
:1020E0000A698B6955F8226026F08076334345F8FB
:1020F00022300A690B7F55F82260012B26F000760A
:1021000008BF06F1007645F82260BA68D20750D1C0
:102110000C68CA68D7F8B06023466FF3DF4326EA3D
:10212000030C4FF6FF7602F01805C0F20706EE40EA
:1021300000252640C4F27F0546EA0C06AA42C7F8ED
:10214000B06036D193B194FAA4F2B2FA82F20132BD
:1021500002F01E03092B02F01F0310D801229A403F
:1021600003EB430342EA035315E000BF012202EBF5
:10217000946202F01E030A2B02F01F03EED3012229
:1021800000269A4003EB4303CFF6206606EB035389
:102190001A4342F00073C3F3406607EB86068A6871
:1021A0007569C3F3045307249C40A5439A402A430E
:1021B000726109680022C8F20802114254D040F24C
:1021C000083CC5F2000CDCF800300022CCF22132D1
:1021D000914203F0E07404D01022C9F2C00291428F
:1021E00044D119024FF0000177D4B7F1A04F74D158
:1021F000DCF8001042F6635221F0E071214341F413
:102200000001CCF8001040F20C01C2F20001096894
:10221000C0F23E528909A1FB0212910901EB410172
:102220000C2202EB81010091009900293CD000BFF3
:102230000099013900910099002947D0009901398E
:1022400000910099002943D000990139009100992B
:1022500000293FD0009901390091009900294FF0E1
:102260000001E5D139E000BF002136E00022CCF2C8
:102270005272914208BF13F0807217D00022CCF640
:10228000843291424FF0000108BF13F4800224D140
:10229000ACF50272974220D0DCF8001021F0E0711A
:1022A000214341F480010CE0002116E0ACF50271FD
:1022B0008F4211D0DCF8001021F0E071214341F091
:1022C0008071CCF80010002107E000BF002104E07D
:1022D000002102E0002100E00021002280F85820C7
:1022E000084601B0F0BD000043F2D001C2F2000187
:1022F000884218BF704780B543F2D000C2F2000098
:1023000000F058FB43F29C10C2F2000001F0AAFE5C
:1023100040F27000C2F2000001210170BDE880406F
:102320007047000070470000704700002DE9F0473B
:10233000056840F20018C5F200082E68D5F804A020
:10234000D8F808720446B0070FD51AF002000CD076
:10235000E06DC00603D4E06D40F40060E065204607
:10236000FFF77EFD256802202860700707F01F092F
:1023700002D51AF0040004D1300749D51AF008003C
:1023800046D0204650F85C2FD20603D4026842F4AF
:1023900000720260EA6812F4406F33D12A46454564
:1023A00008BF4FF0A0421346B9F1090F08BF2B46F2
:1023B000B9F1050F08BF2B46B9F1000F08BF2B4636
:1023C000AA4208BF1346DA6892041BD42A6812078F
:1023D00018D5AA6852070BD46A6822F00C026A600A
:1023E000016821F4807101600168C90406D509E023
:1023F000E06D40F01000E06504F16000016841F01C
:10240000010101602046FFF76FFF25680C2028605E
:10241000B00602D51AF0200004D170062CD51AF0AF
:10242000400029D0204650F85C2FD20603D4026821
:1024300042F4005202602946EF6CEA68454508BF45
:102440004FF0A0410B46B9F1070F08BF2B46B9F179
:10245000060F08BF2B46B9F1000F08BF2B46A94253
:1024600008BF0B46DB6817F4C07F6BD02046FFF730
:10247000F9FC25686020286030060CD51AF0800031
:1024800009D0E06D40F48030E065204600F0ACF902
:10249000256880202860F0050DD51AF480700AD0D8
:1024A000E06D40F40030E0652046FFF7DFFC256872
:1024B0004FF480702860B0050DD51AF400700AD072
:1024C000E06D40F48020E0652046FFF7D1FC2568F0
:1024D0004FF400702860F0061AD51AF0100017D0DB
:1024E000E06B38B1B9F1000F4ED0D8F8080210F403
:1024F000604F0BD0E06D40F48060E065206E40F0EE
:10250000020020662046FFF70FFF25681020286094
:10251000700558BFBDE8F0871AF4806010D0E06DF8
:102520004FF4806140F48040E065206E40F0080088
:10253000206620462960BDE8F047FFF795BC00BF44
:10254000BDE8F087990106D502F4406103F400521A
:1025500089187FF48BAF296849067FF587AF13F49C
:1025600000117FF483AFA968090711D4696821F0CD
:1025700060016960016821F4805101600168C9054A
:102580003FF574AF0AE000BFE868C007B2D1BDE70D
:10259000E06D40F01000E06504F16000016841F07A
:1025A0000101016062E70000B0B582B0044600207E
:1025B00001904CB1E06D58B121688868800012D458
:1025C0008868C00019D54CE0012002B0B0BD00BF42
:1025D000204600F00BF90020206684F8580021689E
:1025E00088688000ECD588684FF6C072C5F6FF7227
:1025F000104088608868C00033D44FF6C072886885
:10260000C5F6FF7202F18052104000F180508860E0
:1026100040F20C00C2F20000006842F663528009EA
:10262000C0F23E52A0FB02029009022202EB4000DF
:1026300001900198A8B100BF01980138019001985C
:1026400078B1019801380190019850B10198013892
:102650000190019828B10198013801900198002853
:10266000EAD18868C00009D4E06D40F01000E06550
:10267000206E40F001002066012000E000208A6802
:10268000E36D02F0040203F01003D218E26D71D181
:1026900022F481720232E2658A68D2071AD140F2CE
:1026A000083C4FF600534FF60062C5F2000CCFF61F
:1026B000FF73CFF6FF725CF803305CF802201A4318
:1026C000D20707D16268DCF8003023F47C131A4388
:1026D000CCF80020627FE36B43EA4232D4E902C3C4
:1026E0001A4394F8243042EA0C02012B42EA0342D6
:1026F00007D1D4F828C00023CFF6FE7303EB4C4378
:102700001A43E36A33B1D4F830C003F4787343EA70
:102710000C031A43D1F80CC044F20703CFF6F07350
:1027200003EA0C031A43CA600A69636B22F0406231
:102730001A430A618A68120745D494F83820237F27
:10274000520042EA833CCB6844F2020223EA0202CE
:1027500042EA0C02CA6022690B698AB143F48033F1
:102760000B61D1F8C0C043F6FF732CEA03031A4390
:102770000EE000BF42F010010120E16502B0B0BDE3
:1027800023F480320A61D1F8C02043F6FF739A43E4
:10279000C1F8C02094F840300A69012B10D140F2F2
:1027A000FD7322EA030CD4E91132D4E913E543EABC
:1027B0000C031A4342EA0E022A4342F0010201E0EE
:1027C00022F001020A6162690B6B012A23F00F02F9
:1027D00002D1236A013B1A430A63E16D012262F3CD
:1027E0000101E16502B0B0BD7047000070B598B05E
:1027F00004460020CDE9160002A804304021FDF770
:10280000D9FE2068B0F1A04F02D018B070BD00BF53
:102810004FF4004002904FF00050119002A800F0D9
:102820008DFD002818BFFEF7CDFC41F24C00C4F22C
:1028300002000168002641F400510160016801F4C2
:10284000005101910199016841F0020101600068A5
:1028500013A900F00200019001984FF480501390EA
:102860000320149040F20040C4F60000159600F0DA
:1028700031FB43F23C150820C2F20005C4F202000D
:10288000052180224FF480734FF4806C85E843006B
:102890002846C5E90362C5E9053CC5E9076600F0BD
:1028A000FDF9002818BFFEF78DFC12200021002240
:1028B0006565AC6200F068FC122000F051FC18B0B5
:1028C00070BD00002DE9F04140F200170446C5F24A
:1028D0000007D7F80802236890469B685A0704D47B
:1028E0000E4694F85810012902D10220BDE8F0816B
:1028F00000F01F050120092D84F8580054D8A84085
:1029000040F2212108424FD02046FEF7D5FB28B1E6
:10291000002184F85810BDE8F08100BF2168E06D07
:1029200040F60172904300F58070B942E06500D135
:102930001DB9E06D20F48010E065E06D40F6B973DC
:10294000C0044FF0000044BF206E20F00600206657
:10295000606D41F23507C0F60003C0F6000741F292
:102960001D050022C0F60005C0E90B371C23456396
:102970000B6084F858204A68434642F010024A60CF
:10298000CA6842F00102CA604031324600F01CFAC7
:1029900021684FF6C0738A68C7F6FF731A40043285
:1029A0008A60BDE8F08100BF002084F85800012053
:1029B000BDE8F08170B5044690F85800012804BFC6
:1029C000022070BD012084F8580020460321FEF744
:1029D0002BFA054620B1002084F85800284670BD27
:1029E0002168606DCA6822F00102CA6090F8252053
:1029F000022A40D100F086F8E0B305462068E16D78
:102A000041F04001E165416821F0100141608168B9
:102A10008268D207DFD011F00201DCD1816801F0B9
:102A20000D0101291ED181684FF6C072C7F6FF72F1
:102A30001140023181600321016000F02DFB21680B
:102A40008968C907C7D0064603E000BF8068C00791
:102A5000C1D000F021FB811B20680329F6D38168D7
:102A6000C907F3D0E06D40F01000E065204650F853
:102A7000601F3FE02168486820F0100048608868C7
:102A80008A68D20717D010F0020014D1886800F0CD
:102A90000D00012826D188684FF6C072C7F6FF7274
:102AA0001040023088600320086000F0F5FA2168C9
:102AB0008968C90708D1204650F85C1F41F201120D
:102AC0009143002516E000BF054602E08068C0077C
:102AD000F1D000F0E1FA411B20680329F6D38168A8
:102AE000C907F3D0E06D012540F01000E0652046F5
:102AF00050F8601F41F001010160002084F8580087
:102B0000284670BD80B5014690F82500022825D1E1
:102B10000868D1E910CE8A6C036823F00E030360C5
:102B2000136823F480731360026822F001020260CC
:102B30000EF01F00012202FA00F0CCF80400D1E9E7
:102B400013205060486D68B1026822F48072026000
:102B5000D1E916024260002005E000BF0420C863EE
:102B6000012000E00020012281F82520002281F8C8
:102B7000242080BD80B590F8251002292ED101684F
:102B8000D0E910CE826C0B6823F00E030B600B684B
:102B900023F001030B60116821F4807111600EF0C5
:102BA0001F02012101FA02F2CCF80420D0E913320D
:102BB0005A60426D32B1136823F480731360D0E918
:102BC0001623536080F82510826B002180F82410B2
:102BD0000AB190470021084680BD00BF0421C163AF
:102BE0000121002280F8251080F82420084680BDAD
:102BF000B0B5D0E910C30268DCF8001003F01F0381
:102C00000424D2F800E09C400C4218BF1EF00405DA
:102C100022D102249C400C4218BF1EF0020529D18B
:102C2000D940090724D51EF0080108BFB0BD1168BE
:102C300021F00E011160012101FA03F2CCF8042009
:102C4000C16380F82510416B002280F8242079B1FF
:102C5000BDE8B040084700BF1168890603D4116879
:102C600021F004011160CCF80440016B0029EFD180
:102C7000B0BD00BF1168890606D4116821F00A01B1
:102C80001160012180F82510CCF80440C16A0022AF
:102C9000002980F82420DBD1EAE7000000284FF06B
:102CA000010100F08E802DE9F04740F2000CC4F2E3
:102CB000020C03684FF6F8320CF5816ECBF6FD720C
:102CC000734538BF02F580624CF6CD441A44CCF609
:102CD000CC44A2FB042803F0FC02A2F10802A2FBF0
:102CE00004290CF580656FF00304D0E90262D0F886
:102CF00010A03CBF0025C4F2020504EA9804C0E914
:102D00001054022580F825501D6847F6F07725EA13
:102D100007073A43476942EA0A0285693A43C769A5
:102D20002A43056A3A432A4332431A600CF5026289
:102D3000734538BF0CF50062A3180CF50862C26435
:102D4000C9F3041240F6840C01FA02F2B6F5804F82
:102D5000C4F2020C8364026506D10021416019604F
:102D6000CCF800201EE000BF41685FFA81FE013907
:102D700003294FF00001C3F800E0CCF8002011D87F
:102D8000AEF101020CEB820747F87C1F02F01F0135
:102D9000012202FA01F30CF1BC023946CCF8C03032
:102DA00002E000BF0022002300F1540C8CE80E006A
:102DB00000210122C16380F8252080F82410BDE89D
:102DC000F0470846704700002DE9F04190F824C014
:102DD000BCF1010F43D04FF0010C80F824C090F8F3
:102DE00025C0BCF1010F37D14FF0020C80F825C08F
:102DF0004FF0000CC0F83CC0D0F800C000F14C0E01
:102E00009EE83040DCF80060BEF1000F26F00106BD
:102E1000CCF8006065601CBFD0E916456560D0E95C
:102E20001076012506F01F068468B540D0F8308082
:102E30007D60CCF804300B46102C04BF13460A46C4
:102E4000CCF80830CCF80C20DCF80010B8F1000FFA
:102E500008D041F00E010DE0002180F8241002207E
:102E6000BDE8F08121F00401CCF80010DCF800107E
:102E700041F00A01CCF80010806C0168C90303D549
:102E8000016841F480710160BEF1000F05D0DEF8E9
:102E9000000040F48070CEF80000DCF8000040F044
:102EA0000100CCF800000020BDE8F081B0B5044678
:102EB00000F0F2F8054640F20000C2F2000040685F
:102EC000611C18BF044400BF00F0E6F8401BA0429C
:102ED000FAD3B0BD2DE9F04F82B00D68002D00F09F
:102EE000CB8041F2004400F13847C4F600040622CA
:102EF0004FEAB726A04208BF0522052E38BF4FEA89
:102F0000B722002401274FF0000E0026009209E0AE
:102F10000D68013635FA06F20EF1040E04F10204D2
:102F200000F0AA8007FA06FB15EA0B08F0D0D1F8EA
:102F300004A003220AF0030CACF10105A240012D0C
:102F40006FEA020910D88268CD6802EA0902A5403A
:102F50002A4382604268CAF3001522EA0B02B54098
:102F60002A43426006E000BFBCF1030F02D14FF0DC
:102F7000030C21E0C2688D6802EA0902A5402A43D9
:102F8000BCF1020FC26017D16FF0030202EA5602D1
:102F900002440EF01C030F25D2F820C005FA03FAF4
:102FA0000D692CEA0A0C05FA03F343EA0C031362D9
:102FB000D1F804A00AF0030C02680CFA04F302EA48
:102FC00009021A431AF4403F0260A1D041F26003A3
:102FD000C4F202031A6840F2004942F001021A608A
:102FE0001A68C4F2010902F001020192019A26F066
:102FF00003024FF6084A4A44CFF6FF7A52F80AC055
:103000000EF00C050F23009FAB402CEA030307FAD8
:1030100005F52B4342F80A30D9F808C04B684CEA52
:103020000805DA0258BF2CEA080540F20C4CC9F832
:103030000850C4F2010CDCF800209F0242EA0805A7
:1030400058BF22EA0805CCF80050D9F804209D03A7
:1030500042EA080758BF22EA0807C9F80470D9F8FD
:103060000020DB0342EA080758BF22EA0807C9F834
:10307000007001274CE700BF02B0BDE8F08F0000F0
:103080000069084018BF0120704700001823002A7B
:1030900008BF2823C150704743F2B020C2F200009D
:1030A0000068704740F2000043F2B021C2F2000015
:1030B000C2F2000140680A681044086070470000CE
:1030C00080B5032000F08CF80F2000F009F80028EC
:1030D0001CBF012080BD00F029F8002080BD000049
:1030E00070B540F20006C2F200067168E1B1044614
:1030F00040F20C00C2F200004FF47A720068B2FB9A
:10310000F1F1B0FBF1F000F09BFE0F2C4FF0010548
:1031100008D838B94FF0FF3021460022002500F0D2
:1031200033F83460284670BD012070BD82B041F292
:103130005800C4F20200816841F001018160816899
:1031400001F0010101910199016841F08051016094
:10315000006800F080500090009802B000F0E4B8E1
:10316000002848BF7047C1B200F01F00012202FAD8
:1031700000F04EF20012CEF2000242EAD10121F03C
:10318000030108607047000010B54EF60C5CCEF2EB
:10319000000CDCF80030C3F3022E8EF00704042C80
:1031A00028BF0424BEF103034FF0FF3E0EFA04F4DF
:1031B00038BF0023A14399400EFA03F39A43114309
:1031C00000F00F0200F160430901043A03F5644383
:1031D0006244002848BF02F10C03197010BD0000C2
:1031E0004EF60C51CEF200010A684FF6FF031A406A
:1031F00060F30A2242F0806040F0FD700860704782
:10320000B0F5007F42D0002840F0808047F21400E3
:10321000C4F2000050F8141CC26E01F4C06122F424
:103220008072B1F5806FC2662ED150F8141C012255
:1032300062F34A2140F8141C40F20C01C2F2000172
:103240000968322251434DF68362C4F21B32A1FB5E
:103250000212910C0268520511D54A1C0FD0026867
:1032600052050CD559B10268520508D5012906D07E
:103270000268520503D50229A1F10401EAD10068D0
:10328000400544BF032070470020704747F21400F8
:10329000C4F2000050F8141CC26E01F4C06142F484
:1032A0008072B1F5806FC266EED150F8141C012215
:1032B00062F34A2140F8141C40F20C01C2F20001F2
:1032C0000968322251434DF68362C4F21B32A1FBDE
:1032D0000212910C0268520511D54A1C0FD00268E7
:1032E00052050CD559B10268520508D5012906D0FE
:1032F0000268520503D50229A1F10401EAD1006850
:10330000400544BF03207047BEE700BF47F21400EA
:10331000C4F2000050F8141C022262F34A2140F863
:10332000141C00207047000047F20800C4F200009F
:10333000016841F480410160704700002DE9F041CF
:1033400082B00446807841F288060007C4F2020683
:1033500002D400202FE000BF56F8300C10F0805847
:103360000BD156F8300C40F0805046F8300C56F82F
:10337000300C00F080500190019847F20007C4F231
:103380000007386840F480703860FFF785FE054616
:103390003868C00500F1D680FFF77EFE401B02288A
:1033A000F6D90320B8F1000F05D156F8301C21F0F2
:1033B000805146F8301C2168CA0713D18A0719D4F6
:1033C0004A071FD40A0725D48A062BD44A0631D4CB
:1033D0000A0637D4CA053DD48A0543D44A0549D4E0
:1033E00057E000BF3268636822F003021A4332607C
:1033F0008A07E5D53268A36822F00C021A433260CE
:103400004A07DFD53268E36822F030021A4332609F
:103410000A07D9D53268236922F0C0021A43326004
:103420008A06D3D53268636922F440621A43326057
:103430004A06CDD53268A36922F440521A4332605D
:103440000A06C7D53268E36922F440421A43326063
:10345000CA05C1D53268236A22F440321A43326069
:103460008A05BBD53268636A22F440221A4332606F
:103470004A050ED53268A36A22F440121A43B3F506
:10348000801F326005D156F87C2C42F4801246F839
:103490007C2C0A050ED53268E36A22F440021A43F6
:1034A000B3F5800F326005D156F87C2C42F48012BF
:1034B00046F87C2CCA040ED53268236B22F0407289
:1034C0001A43B3F1807F326005D156F87C2C42F468
:1034D000801246F87C2C8A040ED53268636B22F089
:1034E00040621A43B3F1006F326005D156F87C2C6C
:1034F00042F4801246F87C2C4A040ED53268A36B45
:1035000022F040621A43B3F1006F326005D156F8E1
:103510007C2C42F4801246F87C2C09040ED53168CC
:10352000E26B21F040511143B2F1805F316005D16F
:1035300056F87C1C41F4803146F87C1C02B0BDE892
:10354000F08100BFB06810F4407010D0216C884248
:103550000BD0B068B16820F4407041F48031B160A4
:10356000B16821F48031B160B060C0070CD1B0689F
:10357000216C20F440700843B0600020B8F1000FC7
:103580007FF419AF11E700BFFFF786FD054641F252
:10359000883700BFB0688007E9D4FFF77DFD401B86
:1035A000B842F7D9FDE600002DE9F04700286DD0BC
:1035B00042F2000AC4F2020A0446DAF800000D469C
:1035C00000F00F0088420CD2DAF8000020F00F0063
:1035D0002843CAF80000DAF8000000F00F00A84203
:1035E00054D1216841F20808C807C4F2020803D187
:1035F000880740F1D880BDE0606802283AD00328EF
:1036000040D158F8082C920140D5D8F80420D8F8B9
:10361000043042F20046C3F3031302F00302D8F869
:1036200004700133C0F2F406032A04BF43F20066BB
:10363000C0F26E16B6FBF3F2D8F80430C7F30627D3
:103640007A43C3F34163022707EB4303B2FBF3F270
:103650004BF20043C0F2C4439A4261D9D8F800202B
:1036600012F0F00F51D089075AD5A168002957D11F
:103670004BE000BF58F8081C89035CBF0120BDE87F
:10368000F08707E058F8081C490503D40120BDE87D
:10369000F08700BFD8F8001001F00C0104293FD0DA
:1036A000D8F8001001F00C01082939D0D8F8001022
:1036B00001F00C010C2933D1D8F80410D8F80420FB
:1036C00042F20047C2F3031201F00301D8F80430BC
:1036D0000132C0F2F407032904BF43F20067C0F2CD
:1036E0006E17B7FBF2F1D8F80420C3F30623594351
:1036F000C2F34162022303EB4202B1FBF2F14BF24F
:103700000042C0F2C44291420AD9D8F800100822FF
:1037100062F307114FF00109C8F8001002E000BF82
:103720004FF00009D8F8001021F003010843C8F851
:103730000000FFF7B1FC064641F28837D8F80000D8
:10374000616800F00C00B0EB810F07D0FFF7A4FC1C
:10375000801BB842F2D90320BDE8F08721688807B2
:1037600008D4B9F1000F1ED0D8F8000020F0F00006
:1037700017E000BF480705D5D8F8000040F4E06026
:10378000C8F80000080706D5D8F80000072262F341
:103790000D20C8F80000D8F80000A26820F0F00062
:1037A0001043C8F80000DAF8000000F00F00A8424B
:1037B0001BD9DAF8000020F00F002843CAF80000F7
:1037C000FFF76AFC064641F2883700BFDAF80000CE
:1037D00000F00F00A84207D0FFF75EFC801BB84244
:1037E000F4D90320BDE8F0872168480707D5D8F849
:1037F0000000E26820F4E0601043C8F80000080709
:1038000008D5D8F80000216920F4605040EAC100D2
:10381000C8F80000D8F8000042F20041C0F2F401FC
:1038200000F00C00042808462DD0D8F8000000F065
:103830000C00082843F20060C0F26E1023D0D8F8C4
:10384000002002F00C020C2A1CD1D8F80420D8F871
:10385000043002F00302C3F30313D8F804700133F9
:10386000032A08BF0146B1FBF3F0D8F80410C7F3F0
:103870000627C1F341610222784302EB4101B0FB0C
:10388000F1F000E00020D8F800104AF60022C1F361
:103890000311C0F60002515C40F20C0201F01F015E
:1038A00020FA01F140F20000C2F200000068C2F20A
:1038B00000021160BDE8F047FFF712BC40F20C00B7
:1038C00041F20801C2F20000C4F202010068096876
:1038D0004AF61022C1F30221C0F60002515C01F049
:1038E0001F01C8407047000040F20C0041F208017F
:1038F000C2F20000C4F20201006809684AF6102210
:10390000C1F3C221C0F60002515C01F01F01C840A2
:103910007047000080B541F20C01C4F2020151F879
:10392000040C42F20042C0F2F40200F00C00042841
:10393000104608BF80BD51F8040C00F00C000828A8
:1039400043F20060C0F26E1022D051F8043C03F044
:103950000C030C2B1CBF002080BDD1F800C00B68ED
:103960000CF0030CC3F3031E0B680EF1010EBCF147
:10397000030F08BF02460968B2FBFEF0C3F306233B
:10398000C1F341610222584302EB4101B0FBF1F067
:1039900080BD00002DE9F04182B0002800F00681D2
:1039A0000446007841F20006C007C4F2020655D171
:1039B0002078800774D42078000700F19780207861
:1039C000400700F1B7802078800600F10781E569A3
:1039D000002D00F03082B06800F00C000C2840F0A0
:1039E0005981012D00F0E280F068216A00F00302A5
:1039F0008A4240F0DB80626A6FF00F0300F0F00152
:103A000003EB0212914240F0D180A16A00F4FE4221
:103A1000B2EB012F40F0CA80E16A00F07842B2EBCD
:103A2000C16F40F0C380226B0023CFF6E07303EA3E
:103A3000025200F4C001A2F50012914240F0B6809B
:103A4000616B4FF07E4202EA016100F0C06001F15B
:103A50007E41884240F0AA80EDE100BFB06800F0EE
:103A60000C01F06808295BD0032281F00C0122EAE6
:103A700000000844B0FA80F0400951D16068B0F508
:103A8000803F07D0B0F5A02F40F0DA80306840F4D6
:103A900080203060306840F480303060DBE000BF70
:103AA000B068F16800F00C00042869D001F003014F
:103AB00080F00C0081F002010844B0FA80F0400967
:103AC0005ED1E1683068002900F0D28040F4807057
:103AD0003060FFF7E1FA05463068400500F1FC80F0
:103AE000FFF7DAFA401B0228F6D92EE16169D6F811
:103AF0009400002900F0908040F00100C6F8940086
:103B0000FFF7CAFA054600BFD6F8940080073FF5D4
:103B100056AFFFF7C1FA401B0228F5D915E100BFE7
:103B2000306880037FF544AF606800287FF440AFC1
:103B30003CE000BFB06D10F0805808D1B06D40F08F
:103B40008050B065B06D00F080500190019847F250
:103B50000007C4F200073868C0052BD4386840F469
:103B600080703860FFF798FA054600BF3868C005D6
:103B700020D4FFF791FA401B0228F7D9E5E000BFF7
:103B80003068400501D5E06880B17068216920F097
:103B9000FE4040EA0160706040F20000C2F20000A6
:103BA0000068FFF79DFA00283FF405AF012002B03E
:103BB000BDE8F081A068012808D0052840F0AA805F
:103BC000D6F8900040F00400C6F89000D6F89000B7
:103BD00040F00100C6F89000A9E000BFA169D6F846
:103BE0009800002900F0808040F00100C6F898009D
:103BF000FFF752FA054600BFD6F8980080073FF558
:103C0000E6AEFFF749FA401B02284FF00300F3D954
:103C100002B0BDE8F08100BF20F00100C6F89400BA
:103C2000FFF73AFA054600BFD6F8940080077FF503
:103C3000C6AEFFF731FA401B0228F5D985E000BF78
:103C40003168002821F480313160316821F480210D
:103C5000316000F07F80FFF71FFA0546306880036F
:103C60003FF5A6AEFFF718FA401B6428F6D96CE0C2
:103C700020F480703060FFF70FFA05463068400589
:103C80007FF599AEFFF708FA401B02284FF00300BA
:103C9000F4D9BDE7306820F080703060FFF7FCF9A0
:103CA000022D05460CD100BF3068800140F17E80B6
:103CB000FFF7F2F9401B02284FF00300F4D9A7E701
:103CC0003068800140F1B080FFF7E6F9401B022820
:103CD0004FF00300F4D99BE77068216920F0FE40A3
:103CE00040EA0160706066E620F00100C6F89800C6
:103CF000FFF7D2F9054600BFD6F8980080077FF598
:103D000066AEFFF7C9F9401B02284FF00300F3D954
:103D10007EE700BFD6F8901021F00101C6F89010A0
:103D2000D6F8901021F00401C6F8901010B3FFF7F8
:103D3000B3F9054641F28837D6F8900080072BD4B6
:103D4000FFF7AAF9401BB842F6D9032002B0BDE83C
:103D5000F08100BFFFF7A0F9054600BF306880037F
:103D60007FF526AEFFF798F9401B64284FF003005B
:103D7000F4D94DE7FFF790F9054641F2883700BFC7
:103D8000D6F89000800707D5FFF786F9401BB842A8
:103D90004FF00300F4D93BE7B8F1000F7FF413AE06
:103DA000B06D20F08050B0650DE600BFF06848F2BD
:103DB0000C01C0F29F1104F1200700EA010C8ECF24
:103DC0006FF00F00D4E90C5400EB02100022CFF684
:103DD000E07241EA0C0102EA05520843A2F5001222
:103DE0004FF07E4540EA032005EA0465104305F1E3
:103DF0007E4540EAC7602843F060306840F080703C
:103E00003060F06840F08070F060FFF745F90446DC
:103E1000306880010FD4FFF73FF9001B02284FF0F4
:103E20000300F5D9F4E600BFF0684FF6FC71CFF659
:103E3000EE610840F060002002B0BDE8F0810000B3
:103E4000411E0020B0EB116F1CBF012070474EF2E5
:103E50001002CEF2000251604EF62351CEF2000164
:103E6000F0230B70072190601160704770470000CD
:103E70007047000070470000704700007047000066
:103E80007047000070B590F83C20012A4FF0020204
:103E900047D080F83D20026843F2004C5468936894
:103EA000C4F2010C42F6004E6245C4F2010E01D08C
:103EB000724503D14D6824F470042C434FF68F757E
:103EC000CFF6FF550E682C4042F6FF35C4F20105CF
:103ED0003443AA4254600FDCB2F1804F16D040F256
:103EE0000046C4F20006B24210D040F60006C4F20A
:103EF0000006B2420AD00EE0724507D044F2000636
:103F0000C4F20106B24201D0624504D1896823F0AF
:103F10008003194391600121002280F83D1080F850
:103F20003C20104670BD000070470000002804BF10
:103F30000120704710B5044690F83D0028B90020D4
:103F400084F83C00204600F023F8022084F83D006D
:103F50002068211D04F020FB012084F8480084F82B
:103F60003E0084F83F0084F8400084F8410084F863
:103F7000420084F8430084F8440084F8450084F843
:103F8000460084F8470084F83D00002010BD000082
:103F900080B582B00068B0F1804F1CBF02B080BD18
:103FA00041F25800C4F202000168002241F0010110
:103FB00001600068002100F00100019001981C20C0
:103FC000FFF7E2F81C2002B0BDE88040FFF7C8B858
:103FD00090F83D1001291CBF01207047022180F894
:103FE0003D10016842F6FF32C868C4F201029142F6
:103FF00040F00100C8600FDCB1F1804F1ED040F2EC
:104000000040C4F20000814218D040F60000C4F223
:104010000000814212D01EE042F60040C4F20100CE
:1040200081420BD044F20000C4F20100814205D06D
:1040300043F20040C4F2010081420CD1886807229B
:10404000C0F201020240062A4FF0000008D0B2F58B
:10405000803F08BF7047086840F0010008600020FA
:10406000704700000146006841F21113C26822F057
:104070000102C260026A1A4204D00122002081F8C3
:104080003D207047026A44F244431A42F5D1026867
:1040900022F0010202600122002081F83D207047D9
:1040A00080B590F83C20012A4FF0020200F0A98070
:1040B00080F83D20D0F800C08822DCF80830CFF628
:1040C000CE721A40CCF808200B686F2B10DD1F222F
:1040D000C0F21002934237DCB3F5005F46DA702B72
:1040E00000F09280B3F5805F00F08480D6E000BFDE
:1040F0002F2B35DD4F2B3FDC302B6FD0402B40F08A
:10410000CD80D1F804E0C968DCF82030DCF820204C
:1041100022F00102CCF82020DCF8182022F0F00276
:1041200042EA011123F00A0242EA0E02CCF818100A
:10413000CCF82020DCF808104FF68872CFF6CF724A
:104140001140473154E000BF3F21C0F210018B42C3
:104150003ADC2021C0F210018B423FD0302139E0FF
:10416000E3B3102B3AD0202B38D097E060D0B3F1D6
:10417000101F33D092E000BF502B6DD0602B40F069
:104180008D80D1F804E0C968DCF82030DCF820200C
:1041900022F01002CCF82020DCF8182022F4704223
:1041A00042EA013123F0A00242EA0E12CCF81810C4
:1041B000CCF82020DCF808104FF68872CFF6CF72CA
:1041C0001140673114E000BF4021C0F210018B4262
:1041D00004D07021C0F210018B425FD1DCF80810CE
:1041E0004FF68872CFF6CF721140194341F00701A4
:1041F000CCF808100022012180F83D10002180F841
:104200003C10104680BD00BFD1E901E3C968DCF86D
:10421000082043EA0E0322F47F4243EA01211143BE
:10422000CCF80810DCF8081041F07701E0E700BF97
:10423000D1E901E3C968DCF8082043EA0E0322F45F
:104240007F4243EA01211143CCF80810DCF8081042
:1042500041F48041CCE700BFD1F804E0C968DCF844
:104260002030DCF8202022F00102CCF82020DCF8FD
:10427000182022F0F00242EA011123F00A0242EA79
:104280000E02CCF81810CCF82020DCF808104FF6FD
:104290008872CFF6CF7211405731A9E70122AAE701
:1042A00070470000F0B581B004460068C568066933
:1042B000B10717D515F0020114D06FF002010161AA
:1042C000012121778069800704D02046FFF7E8FFAD
:1042D00006E000BF204600F0CBF8204600F0CAF808
:1042E00000202077700719D515F0040016D020683B
:1042F0006FF00401016102212177806910F4407F91
:1043000004D02046FFF7CCFF06E000BF204600F0B7
:10431000AFF8204600F0AEF800202077300717D520
:1043200015F0080014D020686FF008010161042125
:104330002177C069800703D02046FFF7B1FF05E071
:10434000204600F095F8204600F094F800202077F1
:10435000F00619D515F0100016D020686FF0100186
:10436000016108212177C06910F4407F04D0204604
:10437000FFF796FF06E000BF204600F079F82046E0
:1043800000F078F800202077F00718BF15F0010042
:1043900006D020686FF001010161204600F06CF842
:1043A00016F4025F05F0800718BF002F02D1F00558
:1043B00009D410E020686FF4025101612046FFF734
:1043C00057FDF00507D537B120686FF480710161A2
:1043D0002046FFF74BFD700609D515F0400006D0CA
:1043E00020686FF040010161204600F047F8B006F8
:1043F00009D515F0200006D020686FF0200101617A
:104400002046FFF737FDF00209D515F4801006D0DD
:1044100020686FF4801101612046FFF72FFDB00284
:1044200009D515F4001006D020686FF40011016161
:104430002046FFF721FD700209D515F4800006D053
:1044400020686FF4800101612046FFF719FD3002FA
:104450000CD515F4000009D021686FF40002204645
:104460000A6101B0BDE8F040FFF75EBD01B0F0BDEC
:104470007047000070470000704700007047000060
:1044800090F88410012904BF022070472421C0F84D
:10449000881002681168136823F00103136021F08B
:1044A00000530021416613602022C0F8882080F864
:1044B00084100846704700007047000070470000F5
:1044C000B0B590F88420012A04BF0220B0BD242298
:1044D000C0F888200268D0F864E0D2F800C0136801
:1044E000BEF1000F23F001031360936823F06063B3
:1044F00041EA0301916019D0936891684CF6302E1F
:10450000490FC0F6000E4CF638251EF80140C0F6E3
:104510000005695CC3F34263E400B4FBF1F11EF8EB
:104520000340EB5CE500B5FBF3F301E0012101235F
:10453000A0F86A102021A0F86830C2F800C0C0F8C6
:104540008810002180F884100846B0BDB0B590F8FE
:104550008420012A04BF0220B0BD2422C0F8882094
:104560000268D0F864E0D2F800C01368BEF1000F12
:1045700023F001031360936823F0604341EA0301D1
:10458000916019D0936891684CF6302E490FC0F6AF
:10459000000E4CF638251EF80140C0F60005695C97
:1045A000C3F34263E400B4FBF1F11EF80340EB5C9B
:1045B000E500B5FBF3F301E001210123A0F86A1047
:1045C0002021A0F86830C2F800C0C0F8881000218F
:1045D00080F884100846B0BD7047000070470000A6
:1045E0007047000070B5016840F62F03CA690446A1
:1045F00008688E681340202B0CD100F0200306F0D1
:1046000080555B1917D0616F00297BD02046BDE82B
:104610007040084740F60F031A420CD00123C1F244
:10462000000306EA030C40F22013C0F200430340EB
:1046300013EB0C0368D1E36E012B05D112F01003CC
:1046400018BF10F010034DD1D3020BD516F4800320
:1046500008D04FF4801220460A62BDE87040FFF790
:10466000BDBF00BF110606D500F0800106F40003AF
:10467000C91840F03782510640F1108110F0400116
:1046800000F00C81206850E8000F216820F0400005
:1046900041E80002DAB1206850E8000F216820F0FC
:1046A000400041E8000292B1206850E8000F216804
:1046B00020F0400041E800024AB1206850E8000FB5
:1046C000216820F0400041E80002002ADAD12020D1
:1046D0000021C4F888002046A167BDE8704000F0C2
:1046E000F5BB00BF102008628868400618D4B4F8F3
:1046F0005C00B4F85E10B4F85E20002A18BF88424F
:1047000040F0128270BD00BFD30718BF10F4807351
:1047100040F0D080930706F0010E00F1D780E0E072
:10472000D4F8800000684268B4F85C3091B2002987
:1047300000F0DE81994280F0DB81A4F85E20006801
:10474000800600F19E80206850E8000F216820F468
:10475000807041E80002DAB1206850E8000F21685B
:1047600020F4807041E8000292B1206850E8000F08
:10477000216820F4807041E800024AB1206850E8C6
:10478000000F216820F4807041E80002002ADAD18D
:10479000206850E8020F216820F0010041E8020281
:1047A000BAB3206850E8020F216820F0010041E808
:1047B000020272B3206850E8020F216820F0010065
:1047C00041E802022AB3206850E8020F216820F075
:1047D000010041E80202002ADAD11AE0206850E81C
:1047E000020F216820F0400041E80202DAB120689F
:1047F00050E8020F216820F0400041E8020292B127
:10480000206850E8020F216820F0400041E80202D1
:104810004AB1206850E8020F216820F0400041E8CA
:104820000202002ADAD12020C4F88C000020E066C1
:10483000206850E8000F216820F0100041E80002D5
:10484000DAB1206850E8000F216820F0100041E83C
:10485000000292B1206850E8000F216820F010009B
:1048600041E800024AB1206850E8000F216820F0BA
:10487000100041E80002002ADAD1D4F88000FEF7E7
:1048800041F902202067B4F85C00B4F85E10401AC9
:1048900081B22046BDE87040FFF70EBE110240F124
:1048A000318110F0804100F02D812046BDE870403C
:1048B000FFF792BE01230B62D4F8903043F001035E
:1048C000C4F89030930706F0010E0AD5BEF1000F30
:1048D00007D002230B62D4F8903043F00403C4F8ED
:1048E000903053070AD5BEF1000F07D004230B62A6
:1048F000D4F8903043F00203C4F8903013070CD57D
:1049000000F0200353EA0C0307D008230B62D4F80D
:10491000903043F00803C4F8903013050BD510F025
:10492000806308D04FF400630B62D4F8903043F0FA
:104930002003C4F89030D4F89030002B3FF4E2AE5E
:1049400012F020021EBF00F0200006F0805210EB93
:10495000020040F06B81D4F89000896800F02800D4
:1049600001F04001401807D12046FFF739FE002032
:10497000C4F8900070BD00BF206850E8000F2168A7
:1049800020F4907041E80002DAB1206850E8000F8E
:10499000216820F4907041E8000292B1206850E84C
:1049A000000F216820F4907041E800024AB12068AD
:1049B00050E8000F216820F4907041E80002002ABE
:1049C000DAD14FF6FE70CEF6FF7000BF216851E8D5
:1049D000021F2268014042E80213C3B1216851E876
:1049E000021F2268014042E8021383B1216851E8A6
:1049F000021F2268014042E8021343B1216851E8D6
:104A0000021F2268014042E80213002BDED1E06E53
:104A1000012824D1206850E8000F216820F0100000
:104A200041E80002DAB1206850E8000F216820F068
:104A3000100041E8000292B1206850E8000F2168A0
:104A400020F0100041E800024AB1206850E8000F51
:104A5000216820F0100041E80002002ADAD120206D
:104A6000C4F88C000020E066216860678868400612
:104A700054D500BF206850E8020F216820F04000A4
:104A800041E80202DAB1206850E8020F216820F004
:104A9000400041E8020292B1206850E8020F21680C
:104AA00020F0400041E802024AB1206850E8020FBD
:104AB000216820F0400041E80202002ADAD1D4F84F
:104AC000800058B348F60D11C0F600018163FEF76F
:104AD00051F800283FF416AED4F88000816BBDE891
:104AE00070400847A16F00297FF490AD0AE600BF2F
:104AF0008B427FF407AE006880067FF503AE02228A
:104B00008DE000BFD1017FF5FDADB0F1FF3FC8BF23
:104B100070BD2046BDE87040FFF7D0BC2046BDE820
:104B20007040FFF75DBD00BF401A00BF216851E82B
:104B3000001F226821F4907142E80013DBB1216864
:104B400051E8001F226821F4907142E8001393B1EC
:104B5000216851E8001F226821F4907142E8001397
:104B60004BB1216851E8001F226821F4907142E89E
:104B70000013002BDAD14FF6FE71CEF6FF7100BFA5
:104B8000226852E8022F23680A4043E80226C6B191
:104B9000226852E8022F23680A4043E8022686B1C1
:104BA000226852E8022F23680A4043E8022646B1F1
:104BB000226852E8022F23680A4043E80226002EAA
:104BC000DED12021C4F88C100021E166616700BFAE
:104BD000216851E8001F226821F0100142E800130B
:104BE000DBB1216851E8001F226821F0100142E882
:104BF000001393B1216851E8001F226821F01001D1
:104C000042E800134BB1216851E8001F226821F0EF
:104C1000100142E80013002BDAD1022281B22046B3
:104C20002267BDE87040FFF747BC00BF626F002AF3
:104C30003FF491AE2046904721688CE610B5D8B17C
:104C40000446D0F8880028B9002084F88400204663
:104C500000F026F82420C4F888002068A16A0268C1
:104C600022F00102026011B1204603F023FD20462C
:104C700003F052FE012801D1012010BD21684868CF
:104C800020F490404860886820F02A008860086816
:104C900040F0010220460A60BDE8104003F07EBDEE
:104CA00010B596B00446684608303C21FBF782FCFC
:104CB000206843F60001C4F20101884202D016B018
:104CC00010BD00BF01200090002468460194FEF74B
:104CD00035FB002818BFFCF775FA41F24C00C4F20E
:104CE0000200416941F480414161416901F4804120
:104CF00011911199016841F001010160006811A949
:104D000000F00100119011984FF4C0601190022042
:104D1000CDE91204072015904FF090401494FEF74F
:104D2000D9F8252000210022FEF72EFA2520FEF7D3
:104D300017FA16B010BD00002DE9F0410446D0F876
:104D4000880020281CBF0220BDE8F0810D46002904
:104D50004FF0010000F0B8801646002A08BFBDE8F9
:104D6000F0810020C4F8900021209846C4F8880003
:104D7000FEF792F9A4F85460A4F85660A1680646BC
:104D8000B1F5805F02D1206900286BD02F46002545
:104D9000B4F8560000286BD018F101001CD0B8F10F
:104DA000000F3DD121680BE017F8010B8862B4F8C1
:104DB00056000138A4F85600B4F85600002858D020
:104DC000C869000640F17A80002FEDD135F8020B5A
:104DD00000276FF35F20E9E7216802E0C869000659
:104DE00009D4C869000606D4C86900065CBFC86952
:104DF0005FEA0060F2D51FB117F8010B05E000BFB4
:104E000035F8020B00276FF35F208862B4F8560074
:104E10000138A4F85600B4F856000028E1D128E083
:104E2000216800BFC869000608D4FEF735F9801B69
:104E3000404545D821680868F4E700BF17B117F866
:104E4000010B04E035F8020B00276FF35F20886246
:104E5000B4F856000138A4F85600B4F856000028FB
:104E6000E0D106E00027B4F8560000287FF494AFA4
:104E70002168C86940061FD4B8F1000F1ED018F190
:104E800001000FD1C869400616D4C869400613D482
:104E9000C869400610D4C86940064FF00000F1D53B
:104EA0000FE000BFFEF7F8F8801B404508D82068E7
:104EB0000168C0694006F5D5002002E0FEF7ECF875
:104EC00003202021C4F88810BDE8F081704700005D
:104ED000FEE7000040F21841C4F600010A6942F4FE
:104EE00000720A610A6942F480720A610A6842F03B
:104EF00020020A602022C1F8FC230A6942F0200245
:104F00000A6100BF00BF00BF0A6842F020020A60C9
:104F10000A6842F480720A600022C1F8FC230B691F
:104F200043F020030B6100BF00BF00BF0B6843F0DC
:104F300020030B600B6843F480730B600B6943F430
:104F400000730B610B6943F480730B610B6843F0D2
:104F500020030B602123C1F8FC330B6943F02003CD
:104F60000B6100BF00BF00BF0B6843F020030B6064
:104F70000B6843F480730B60C1F8FC230A6942F0AC
:104F800020020A6100BF00BF00BF0A6842F0200291
:104F90000A600A6842F480720A600A6942F4007288
:104FA0000A610A6942F480720A610A6842F02002CA
:104FB0000A602222C1F8FC230A6942F020020A6139
:104FC00000BF00BF00BF0A6842F020020A600A6802
:104FD00042F480720A6000BF00BF00BF0A6842F45A
:104FE00000720A604FF496320B69053A43F400737D
:104FF0000B610B6843F480730B600B6843F0200374
:105000000B60C1F8FC030B6943F020030B6100BF88
:1050100000BF00BF0B6843F020030B600B6843F434
:1050200080730B6000BF00BF00BF0B6843F40073C8
:105030000B600B6943F400730B610B6843F48073DE
:105040000B600B6843F020030B60C1F8FC030B6995
:1050500043F020030B6100BF00BF00BF0B6843F0AB
:1050600020030B600B6843F480730B6000BF00BF2C
:1050700000BF0B6843F400730B600B6943F40073CB
:105080000B610B6843F480730B600B6843F02003E3
:105090000B60C1F8FC030B6943F020030B6100BFF8
:1050A00000BF00BF0B6843F020030B600B6843F4A4
:1050B00080730B6000BF00BF00BF0B6843F4007338
:1050C0000B600B6943F400730B610B6843F480734E
:1050D0000B600B6843F020030B60C1F8FC030B6905
:1050E00043F020030B6100BF00BF00BF0B6843F01B
:1050F00020030B600B6843F480730B6000BF00BF9C
:1051000000BF0B6843F400730B600B6943F400733A
:105110000B610B6843F480730B600B6843F0200352
:105120000B60C1F8FC030B6943F020030B6100BF67
:1051300000BF00BF0B6843F020030B600B6843F413
:1051400080730B6000BF00BF00BF0B6843F40073A7
:105150000B607FF449AF70472DE9F0410A78FAB14E
:105160004AF6182804464D1C002740F23F16C0F6A8
:10517000000800BFA2F12000C1B2490051FA80F03E
:1051800008EB0012B1B2204600F00CF8EA5D002AEC
:1051900008BFBDE8F081103E132F07F10107E9D3E6
:1051A000BDE8F0812DE9F04740F21843C4F6000352
:1051B0001F694FF0200C47F400771F611F694FF003
:1051C000210E47F480771F611F6840F2080947F0FD
:1051D00020071F60C3F8FCC31F6940F2CA0A47F0EA
:1051E00020071F6100BF00BF00BF1F684FF02208EB
:1051F00047F020071F601F68C2F2000947F480775C
:105200001F60C3F8FC031F69C2F2000A47F02007C1
:105210001F6100BF00BF00BF1F6847F020071F606D
:105220001F6847F480771F601F6947F400771F618C
:105230001F6947F480771F611F6847F020071F60D0
:10524000C3F8FCE31C6944F020041C6100BF00BFEC
:1052500000BF1C6844F020041C601C6844F4807487
:105260001C60C3F8FC131C6944F020041C6100BFDF
:1052700000BF00BF1C6844F020041C601C6844F49C
:1052800080741C60002400BF1D6945F400751D6119
:105290001D6945F480751D611D6845F020051D6080
:1052A000C3F8FC831D6945F020051D6100BF00BFE8
:1052B00000BF1D6845F020051D601D6845F4807520
:1052C0001D6000BF00BF00BF1D6845F400751D6074
:1052D000002500BF32F81460EE40F607564608BFBE
:1052E0004E4636881F6947F400771F611F6847F4F0
:1052F00080771F601F6847F020071F60C3F8FC63BA
:105300001E6946F020061E6100BF00BF00BF1E6878
:1053100046F020061E601E6846F480761E6000BFC0
:1053200000BF00BF1E6846F400761E6032F81460AD
:10533000EE40B607564658BF4E4636881F6947F4BA
:1053400000771F611F6847F480771F601F6847F070
:1053500020071F60C3F8FC631E6946F020061E612B
:1053600000BF00BF00BF1E6846F020061E601E681A
:1053700046F480761E6000BF00BF00BF1E6846F482
:1053800000761E6032F81460EE407607564658BF2D
:105390004E4636881F6947F400771F611F6847F43F
:1053A00080771F601F6847F020071F60C3F8FC6309
:1053B0001E6946F020061E6100BF00BF00BF1E68C8
:1053C00046F020061E601E6846F480761E6000BF10
:1053D00000BF00BF1E6846F400761E6032F81460FD
:1053E000EE403607564658BF4E4636881F6904358C
:1053F00047F400771F611F68102D47F480771F6006
:105400001F6847F020071F60C3F8FC631E6946F061
:1054100020061E6100BF00BF00BF1E6846F02006C8
:105420001E601E6846F480761E6000BF00BF00BF8D
:105430001E6846F400761E607FF44CAF1D69013093
:1054400045F400751D611D69013445F480751D61C9
:105450001D68182C45F020051D60C3F8FCC31D69AC
:1054600045F020051D6100BF00BF00BF1D6845F06D
:1054700020051D601D6845F480751D60C5B2C3F828
:10548000FC531D6945F020051D6100BF00BF00BF32
:105490001D6845F020051D601D6845F480751D6080
:1054A0001D6945F400751D611D6945F480751D6118
:1054B0001D6845F020051D60C3F8FCE31D6945F03B
:1054C00020051D6100BF00BF00BF1D6845F020051D
:1054D0001D601D6845F480751D60C3F8FC131D69CF
:1054E00045F020051D6100BF00BF00BF1D6845F0ED
:1054F00020051D601D6845F480751D6008BFBDE86E
:10550000F087C1E6F0B540F2184CC4F6000CDCF8A8
:105510001050002B45F40075CCF81050DCF81050FA
:1055200045F48075CCF81050DCF8005045F02005AB
:10553000CCF800504FF02005CCF8FC53DCF81050AC
:1055400045F02005CCF8105000BF00BF00BFDCF8CC
:10555000005045F02005CCF80050DCF8005045F430
:105560008075CCF80050CCF8FC03DCF8105045F006
:105570002005CCF8105000BF00BF00BFDCF8005081
:1055800045F02005CCF80050DCF8005045F480755B
:10559000CCF80050DCF8105045F40075CCF81050F1
:1055A000DCF8105045F48075CCF81050DCF8005051
:1055B00045F02005CCF800504FF02105CCF8FC5305
:1055C000DCF8105045F02005CCF8105000BF00BFAB
:1055D00000BFDCF8005045F02005CCF80050DCF8A6
:1055E000005045F48075CCF80050CCF8FC13DCF882
:1055F000105045F02005CCF8105000BF00BF00BF90
:10560000DCF8005045F02005CCF80050DCF80050E4
:1056100045F48075CCF8005000F0F880002A00F0C6
:10562000F38040F2CA034FF0220EC2F2000320249E
:10563000212500BFDCF81060013046F40076CCF87C
:105640001060DCF81060013A46F48076CCF8106007
:10565000DCF8006046F02006CCF80060CCF8FCE3F3
:10566000DCF8106046F02006CCF8106000BF00BFE8
:1056700000BFDCF8006046F02006CCF80060DCF8E3
:10568000006046F48076CCF8006000BF00BF00BF29
:10569000DCF8006046F40076CCF800601E88DCF888
:1056A000107047F40077CCF81070DCF8007047F405
:1056B0008077CCF80070DCF8007047F02007CCF859
:1056C0000070CCF8FC63DCF8106046F02006CCF8E3
:1056D000106000BF00BF00BFDCF8006046F020068D
:1056E000CCF80060DCF8006046F48076CCF800600E
:1056F00000BF00BF00BFDCF8006046F40076CCF8C5
:105700000060DCF8106046F40076CCF81060DCF83D
:10571000106046F48076CCF81060DCF8006046F04B
:105720002006CCF80060CCF8FC43DCF8106046F0B2
:105730002006CCF8106000BF00BF00BFDCF800609E
:1057400046F02006CCF80060DCF8006046F4807675
:10575000CCF80060C6B2CCF8FC63DCF8106046F010
:105760002006CCF8106000BF00BF00BFDCF800606E
:1057700046F02006CCF80060DCF8006046F4807645
:10578000CCF80060DCF8106046F40076CCF81060CD
:10579000DCF8106046F48076CCF81060DCF800602D
:1057A00046F02006CCF80060CCF8FC53DCF8106022
:1057B00046F02006CCF8106000BF00BF00BFDCF848
:1057C000006046F02006CCF80060DCF8006046F48B
:1057D0008076CCF80060CCF8FC13DCF8106046F062
:1057E0002006CCF8106000BF00BF00BFDCF80060EE
:1057F00046F02006CCF80060DCF8006046F48076C5
:10580000CCF800607FF416AFF0BD00BFDCF81000EC
:10581000002A40F40070CCF81000DCF8100040F4CE
:105820008070CCF81000DCF8000040F02000CCF8CC
:1058300000004FF02200CCF8FC03DCF8100040F030
:105840002000CCF8100000BF00BF00BFDCF8000053
:1058500040F02000CCF80000DCF8000040F480703C
:10586000CCF8000000BF00BF00BFDCF8000040F42F
:105870000070CCF80000C7D0501E032802F00300CF
:10588000C0F0D58022F0030140F2CA02C2F2000249
:105890001388DCF81050043945F40075CCF810502A
:1058A000DCF8005045F48075CCF80050DCF800506E
:1058B00045F02005CCF80050CCF8FC33DCF8103073
:1058C00043F02003CCF8103000BF00BF00BFDCF86D
:1058D000003043F02003CCF80030DCF8003043F413
:1058E0008073CCF8003000BF00BF00BFDCF8003090
:1058F00043F40073CCF800301388DCF8105045F402
:105900000075CCF81050DCF8005045F48075CCF8E8
:105910000050DCF8005045F02005CCF80050CCF8E1
:10592000FC33DCF8103043F02003CCF8103000BF1B
:1059300000BF00BFDCF8003043F02003CCF800309B
:10594000DCF8003043F48073CCF8003000BF00BFB7
:1059500000BFDCF8003043F40073CCF8003013884B
:10596000DCF8105045F40075CCF81050DCF800500D
:1059700045F48075CCF80050DCF8005045F0200567
:10598000CCF80050CCF8FC33DCF8103043F02003A6
:10599000CCF8103000BF00BF00BFDCF8003043F08F
:1059A0002003CCF80030DCF8003043F48073CCF8EE
:1059B000003000BF00BF00BFDCF8003043F40073CC
:1059C000CCF800301388DCF8105045F40075CCF8A2
:1059D0001050DCF8005045F48075CCF80050DCF82D
:1059E000005045F02005CCF80050CCF8FC33DCF832
:1059F000103043F02003CCF8103000BF00BF00BFD0
:105A0000DCF8003043F02003CCF80030DCF8003044
:105A100043F48073CCF8003000BF00BF00BFDCF857
:105A2000003043F40073CCF800307FF431AF00282D
:105A30003FF4EAAE40F2CA01C2F200010A88DCF883
:105A40001030012843F40073CCF81030DCF800303B
:105A500043F48073CCF80030DCF8003043F02003CE
:105A6000CCF80030CCF8FC23DCF8102042F0200207
:105A7000CCF8102000BF00BF00BFDCF8002042F0CF
:105A80002002CCF80020DCF8002042F48072CCF830
:105A9000002000BF00BF00BFDCF8002042F400720D
:105AA000CCF800203FF4B0AE0A88DCF810300228B1
:105AB00043F40073CCF81030DCF8003043F480730A
:105AC000CCF80030DCF8003043F02003CCF8003094
:105AD000CCF8FC23DCF8102042F02002CCF8102097
:105AE00000BF00BF00BFDCF8002042F02002CCF86D
:105AF0000020DCF8002042F48072CCF8002000BFC7
:105B000000BF00BFDCF8002042F40072CCF8002097
:105B100008BFF0BD0888DCF8101041F40071CCF823
:105B20001010DCF8001041F48071CCF80010DCF8A3
:105B3000001041F02001CCF80010CCF8FC03DCF898
:105B4000100040F02000CCF8100000BF00BF00BFE4
:105B5000DCF8000040F02000CCF80000DCF8000089
:105B600040F48070CCF8000000BF00BF00BFDCF83C
:105B7000000040F40070CCF80000F0BDF0B581B03A
:105B80001E4614461A4600230F460546FFF7BAFC88
:105B90006019C0B2394632460023FFF7B3FC2846ED
:105BA000394622460123FFF7ADFCB81B013081B214
:105BB00028462246012301B0BDE8F040FFF7A2BC11
:105BC0002DE9F04F8BB0002641F24C000596C4F24F
:105BD0000200016840F2184541F0040101600168CB
:105BE000C4F6000501F0040106910699016801ACB4
:105BF00041F001010160016840F6140901F0010162
:105C00000691069901684FF0030841F00201016016
:105C10000068214600F00200069006984FF4487094
:105C2000019001200290A5F11800C4F60009012797
:105C3000CDE90368FDF74EF94FF48070CDE9010717
:105C40004FF090402146CDE90368FDF743F94FF648
:105C5000FF7005F57A74069006A920460A964FF65D
:105C6000FF7BCDF82480CDE90776FDF733F94FF6B9
:105C7000004ACFF6FF7A55F80A0006A940F4807072
:105C800045F80A0028684FF6FF7740F4087028604E
:105C9000286940F400702861286940F48070286108
:105CA000286840F020002860C9F80060286940F0AA
:105CB0002000286100BF00BF00BF286840F020001E
:105CC0002860286840F48070286020460A96CDF845
:105CD00018B0CDF82480CDE90766FDF7FBF84FF644
:105CE000104BCFF6FF7B55F80B0007A940F48070EE
:105CF00045F80B0000BF00BF00BFD5F8F89355F87A
:105D00000A0040F4807045F80A00012081E8410152
:105D100006A920460A960697FDF7DCF8286848F29F
:105D2000302140F40070286040F6CC00C2F2000040
:105D3000A0F800900088884202D100F08BFA01E0C0
:105D400000F0FCFF2869002740F4007028612869F2
:105D50004FF6FF7840F48070286128684FF00309FF
:105D600040F02000286040F61400C4F600000760F0
:105D7000286906A940F02000286100BF00BF00BFCD
:105D8000286840F020002860286840F4807028606F
:105D900020460A97CDE90687CDE90879FDF79AF8FC
:105DA00055F80B0007A940F4807045F80B0000BFC0
:105DB00000BF00BFD5F8F86355F80A0040F48070C2
:105DC00045F80A00012081E8810206A920460A97C9
:105DD000CDF81880FDF77EF8286840F40070286040
:105DE00040F6CC00C2F2000006800BB0BDE8F08F98
:105DF00081B0ADF80200BDF8020040F20801C2F225
:105E00000001088001B0704781B0ADF80200BDF814
:105E1000020040F2CA01C2F20001088001B07047DE
:105E200010B58CB043F2D0000024C2F200004FF055
:105E3000A0414FF40032042380E81600C0E9054376
:105E400001214FF4AC624FF48063CDE90A44CDE9FF
:105E50000744CDE90544CDE90344CDE90144C0E957
:105E600003448483016280F82440C0E90B2380F856
:105E70003810C46380F84040FCF796FB002818BF38
:105E8000FBF7A0F943F2D000C2F2000009A909947F
:105E9000FBF7F0FF002818BFFBF794F940F600006D
:105EA000C2F63060019006207F210290002004910C
:105EB00004210390CDE9051043F2D000C2F20000A6
:105EC00001A9FCF737F8002818BFFBF77BF90CB0E5
:105ED00010BD000080B582B041F24800C4F202005B
:105EE0000168002241F004010160016801F0040131
:105EF00001910199016841F00101016000680021F0
:105F000000F00100009000980B20FDF73DF90B20F8
:105F100002B0BDE88040FDF723B900002DE9F04351
:105F200087B0002741F24C000697C4F202000168D6
:105F300040F6000541F0040101600168C4F6000567
:105F400001F00401019101990168002241F0200152
:105F5000016001684FF47F4601F020010191019931
:105F6000016841F002010160016801F00201019144
:105F70000199016841F001010160016801F001012E
:105F800001910199016841F00801016000684FF436
:105F90007F4100F00800019001982846FDF776F84F
:105FA00005F580642046042101224FF004084FF0DB
:105FB0000109FDF76BF8CDE9026902AE28463146CA
:105FC000CDE90477FCF786FF0320CDE90207A5F5AC
:105FD000806031460497FCF77DFF20463146CDE9CD
:105FE0000289CDE90477FCF775FF07B0BDE8F083BF
:105FF00080B588B043F29C100021C2F200004FF03F
:10600000804207234FF0610C0791CDE90511029101
:10601000C0E90023C0E9021C01618161FDF786FF30
:10602000002818BFFBF7CEF84FF48050049043F2DD
:106030009C10C2F2000004A9FEF732F8002818BF35
:10604000FBF7C0F8202001900020039043F29C1041
:10605000C2F2000001A9FDF715FF002818BFFBF7E9
:10606000B1F808B080BD000080B543F2E81043F6F7
:106070000001C2F20000C4F2010100234FF00C0C39
:106080004FF4E13280E80E00C0E90333C0E905C3F4
:10609000C0E90733C0E90933FEF7D0FD002818BF77
:1060A000FBF790F843F2E810C2F200000021FEF77F
:1060B0004DFA002818BFFBF785F843F2E810C2F24A
:1060C00000000021FEF7FCF9002818BFFBF77AF862
:1060D00043F2E810C2F20000FEF7D2F9002808BF30
:1060E00080BDBDE88040FBF76DB8000084B043F28E
:1060F0009C10C2F20000FDF76BFF40F2CC0643F2A9
:10610000D000C2F20006C2F2000031464FF48062B5
:10611000FCF7D8FB40F27007C2F20007387830B9BC
:10612000387820B9387810B938780028F6D00025AA
:106130003D70FBF74DF842F6D000C2F2000043F28A
:106140007C2B43F2E81AA0F10408C2F2000BC2F261
:10615000000A002458F8040F36F9149004F076FB76
:1061600041EC100B4CF640215846C0F60001224687
:106170004B468DED020B0095FAF726F95846FAF7D3
:10618000FAF982B2504659460A23FEF7D5FD01209E
:10619000FCF78CFE0134B4F5007F05F16305D9D11D
:1061A00040F20044C4F6000402F05AF820460121EF
:1061B000FCF766FF0028F7D11420FCF777FE00BF3C
:1061C00020460121FCF75CFF0028F9D078780130E7
:1061D000C1B2033918BF014600207970FEF77AFE7C
:1061E000E2E7000010B543F2D000C2F200007F21C8
:1061F000FBF7CCFD40F61400C4F60000016800F582
:106200007B7441F47F410160204604210122FCF7A8
:106210003DFF204604210022FCF738FFFFF7D0FCA9
:106220000020FEF757FE0020FFF7E2FD4FF6E0707A
:10623000FFF7EAFD40F270004CF61021C2F20000B8
:10624000C0F60001816010BDFEE70000FEE700001F
:106250007047000040F21840C4F6000001690022B7
:1062600041F40071016101694FF0030C41F4807148
:106270000161016841F020010160C0F8FC2301695F
:1062800041F02001016100BF00BF00BF016841F083
:1062900020010160016841F4807101600121C0F8B2
:1062A000FC13036943F02003036100BF00BF00BF7C
:1062B000036843F020030360036843F480730360C2
:1062C000036943F400730361036943F4807303615A
:1062D000036843F020030360C0F8FC13036943F034
:1062E0002003036100BF00BF00BF036843F0200329
:1062F0000360036843F480730360C0F8FC23026901
:1063000042F02002026100BF00BF00BF026842F0FD
:1063100020020260026842F480720260026942F464
:1063200000720261026942F480720261026842F006
:10633000200202601022C0F8FC23026942F0200211
:10634000026100BF00BF00BF026842F0200202608D
:10635000026842F48072026041F29072C0F8FC233D
:10636000026942F02002026100BF00BF00BF026864
:1063700042F020020260026842F480720260026908
:1063800042F400720261026942F4807202610268A2
:1063900042F0200202606022C0F8FC23026942F051
:1063A0002002026100BF00BF00BF026842F020026D
:1063B0000260026842F4807202604FF41C52C0F81E
:1063C000FC23026942F02002026100BF00BF00BF4F
:1063D000026842F020020260026842F480720260A9
:1063E000026942F400720261026942F48072026141
:1063F000026842F0200202606122C0F8FC230269B8
:1064000042F02002026100BF00BF00BF026842F0FC
:1064100020020260026842F480720260C0F8FC133D
:10642000016941F02001016100BF00BF00BF0168A8
:1064300041F020010160016841F48071016001694F
:1064400041F400710161016941F4807101610168E9
:1064500041F0200101604621C0F8FC13016941F0C0
:106460002001016100BF00BF00BF016841F02001B1
:106470000160016841F4807101600221C0F8FC13E1
:10648000026942F02002026100BF00BF00BF026843
:1064900042F020020260026842F4807202600269E7
:1064A00042F400720261026942F480720261026881
:1064B00042F0200202601322C0F8FC23026942F07D
:1064C0002002026100BF00BF00BF026842F020024C
:1064D0000260026842F48072026048F21002C0F862
:1064E000FC23026942F02002026100BF00BF00BF2E
:1064F000026842F020020260026842F48072026088
:10650000026942F400720261026942F4807202611F
:10651000026842F0200202601222C0F8FC230269E5
:1065200042F02002026100BF00BF00BF026842F0DB
:1065300020020260026842F48072026048F2FE02A9
:10654000C0F8FC23026942F02002026100BF00BFD4
:1065500000BF026842F020020260026842F48072CA
:106560000260026942F400720261026942F48072C0
:106570000261026842F020020260C0F8FC13016967
:1065800041F02001016100BF00BF00BF016841F080
:1065900020010160016841F4807101604FF4A06145
:1065A000C0F8FC13016941F02001016100BF00BF88
:1065B00000BF016841F020010160016841F4807171
:1065C0000160016941F400710161016941F4807168
:1065D0000161016841F020010160C0F8FCC302695B
:1065E00042F02002026100BF00BF00BF026842F01B
:1065F00020020260026842F48072026041F23002BE
:10660000C0F8FC23026942F02002026100BF00BF13
:1066100000BF026842F020020260026842F4807209
:106620000260026942F400720261026942F48072FF
:106630000261026842F0200202603022C0F8FC23AE
:10664000026942F02002026100BF00BF00BF026881
:1066500042F020020260026842F48072026040F25E
:106660000332C0F8FC23036943F02003036100BF39
:1066700000BF00BF036843F020030360036843F4D6
:1066800080730360036943F400730361036943F497
:1066900080730361036843F0200303603123C0F873
:1066A000FC33036943F02003036100BF00BF00BF58
:1066B000036843F020030360036843F480730360BE
:1066C000C0F8FC23036943F02003036100BF00BF4F
:1066D00000BF036843F020030360036843F4807342
:1066E0000360036943F400730361036943F4807337
:1066F0000361036843F0200303603223C0F8FC33D6
:10670000036943F02003036100BF00BF00BF0368BB
:1067100043F020030360036843F480730360C0F810
:10672000FC23036943F02003036100BF00BF00BFE7
:10673000036843F020030360036843F4807303603D
:10674000036943F400730361036943F480730361D5
:10675000036843F0200303603323C0F8FC3303696C
:1067600043F02003036100BF00BF00BF036843F094
:1067700020030360036843F4807303604FF44073A5
:10678000C0F8FC33016941F02001016100BF00BF86
:1067900000BF016841F020010160016841F480718F
:1067A0000160016941F400710161016941F4807186
:1067B0000161016841F0200101603421C0F8FC133F
:1067C000016941F02001016100BF00BF00BF016805
:1067D00041F020010160016841F480710160C0F85E
:1067E000FCC3016941F02001016100BF00BF00BF8F
:1067F000016841F020010160016841F4807101608D
:10680000016941F400710161016941F48071016124
:10681000016841F0200101603521C0F8FC130169D5
:1068200041F02001016100BF00BF00BF016841F0DD
:1068300020010160016841F480710160C0F8FC230F
:10684000016941F02001016100BF00BF00BF016884
:1068500041F020010160016841F48071016001692B
:1068600041F400710161016941F4807101610168C5
:1068700041F0200101603621C0F8FC13016941F0AC
:106880002001016100BF00BF00BF016841F020018D
:106890000160016841F4807101601421C0F8FC13AB
:1068A000016941F02001016100BF00BF00BF016824
:1068B00041F020010160016841F4807101600169CB
:1068C00041F400710161016941F480710161016865
:1068D00041F0200101603721C0F8FC13016941F04B
:1068E0002001016100BF00BF00BF016841F020012D
:1068F0000160016841F480710160C0F8FC23016906
:1069000041F02001016100BF00BF00BF016841F0FC
:1069100020010160016841F480710160016941F466
:1069200000710161016941F480710161016841F008
:10693000200101603821C0F8FC13016941F02001F9
:10694000016100BF00BF00BF016841F0200101608C
:10695000016841F480710160C0F8FC23016941F0D5
:106960002001016100BF00BF00BF016841F02001AC
:106970000160016841F480710160016941F40071B6
:106980000161016941F480710161016841F02001F8
:1069900001603921C0F8FC13016941F02001016157
:1069A00000BF00BF00BF016841F020010160016825
:1069B00041F480710160C0F8FC23016941F02001BD
:1069C000016100BF00BF00BF016841F0200101600C
:1069D000016841F480710160016941F40071016155
:1069E000016941F480710161016841F02001016099
:1069F0003A21C0F8FC13016941F02001016100BF98
:106A000000BF00BF016841F020010160016841F44E
:106A100080710160C0F8FC33016941F0200101611F
:106A200000BF00BF00BF016841F0200101600168A4
:106A300041F480710160016941F4007101610169F3
:106A400041F480710161016841F0200101603B2146
:106A5000C0F8FC13016941F02001016100BF00BFD3
:106A600000BF016841F020010160016841F48071BC
:106A70000160C0F8FCC3016941F02001016100BF61
:106A800000BF00BF016841F020010160016841F4CE
:106A900080710160016941F400710161016941F493
:106AA00080710161016841F0200101603C21C0F862
:106AB000FC13016941F02001016100BF00BF00BF6C
:106AC000016841F020010160016841F480710160BA
:106AD000C0F8FC23016941F02001016100BF00BF43
:106AE00000BF016841F020010160016841F480713C
:106AF0000160016941F400710161016941F4807133
:106B00000161016841F0200101603D21C0F8FC13E2
:106B1000016941F02001016100BF00BF00BF0168B1
:106B200041F020010160016841F4807101604FF47F
:106B3000A051C0F8FC13016941F02001016100BFC0
:106B400000BF00BF016841F020010160016841F40D
:106B500080710160016941F400710161016941F4D2
:106B600080710161016841F0200101609221C0F84B
:106B7000FC13016941F02001016100BF00BF00BFAB
:106B8000016841F020010160016841F480710160F9
:106B90004FF40071C0F8FC13016941F0200101615C
:106BA00000BF00BF00BF016841F020010160016823
:106BB00041F480710160016941F400710161016972
:106BC00041F480710161016841F02001016093216D
:106BD000C0F8FC13016941F02001016100BF00BF52
:106BE00000BF016841F020010160016841F480713B
:106BF0000160C0F8FC23016941F02001016100BF80
:106C000000BF00BF016841F020010160016841F44C
:106C100080710160016941F400710161016941F411
:106C200080710161016841F0200101609021C0F88C
:106C3000FC13016941F02001016100BF00BF00BFEA
:106C4000016841F020010160016841F48071016038
:106C500040F60D01C0F8FC13016941F0200101610B
:106C600000BF00BF00BF016841F020010160016862
:106C700041F480710160016941F4007101610169B1
:106C800041F480710161016841F020010160C0F8A8
:106C9000FCC3016941F02001016100BF00BF00BFDA
:106CA000016841F020010160016841F480710160D8
:106CB00041F21801C0F8FC13016941F020010161A3
:106CC00000BF00BF00BF016841F020010160016802
:106CD00041F480710160016941F400710161016951
:106CE00041F480710161016841F0200101600721D8
:106CF000C0F8FC13016941F02001016100BF00BF31
:106D000000BF016841F020010160016841F4807119
:106D1000016040F27311C0F8FC13016941F02001D9
:106D2000016100BF00BF00BF016841F020010160A8
:106D3000016841F480710160704700002DE9F04F57
:106D400081B040F21844C4F6000420694FF01209E3
:106D500040F4007020612069002540F480702061BB
:106D60002068112640F020002060E320C4F8FC03D6
:106D700020694FF0130B40F02000206100BF00BFDE
:106D800000BF2068102740F02000206020684FF0EE
:106D9000070840F48070206043F20800C4F8FC0348
:106DA000206940F02000206100BF00BF00BF2068C4
:106DB00040F020002060206840F48070206020694E
:106DC00040F400702061206940F4807020612068E8
:106DD00040F020002060E720C4F8FC03206940F068
:106DE0002000206100BF00BF00BF206840F02000ED
:106DF0002060206840F480702060C4F8FC93206913
:106E000040F02000206100BF00BF00BF206840F0BC
:106E100020002060206840F480702060206940F4E9
:106E200000702061206940F480702061206840F08B
:106E300020002060EF20C4F8FC03206940F020000F
:106E4000206100BF00BF00BF206840F0200020602C
:106E5000206840F48070206041F23120C4F8FC03C7
:106E6000206940F02000206100BF00BF00BF206803
:106E700040F020002060206840F48070206020698D
:106E800040F400702061206940F480702061206827
:106E900040F0200020600120C4F8FC03206940F08D
:106EA0002000206100BF00BF00BF206840F020002C
:106EB0002060206840F480702060C4F8FC53206992
:106EC00040F02000206100BF00BF00BF206840F0FC
:106ED00020002060206840F480702060206940F429
:106EE00000702061206940F480702061206840F0CB
:106EF000200020600220C4F8FC03206940F020003C
:106F0000206100BF00BF00BF206840F0200020606B
:106F1000206840F4807020604FF4E060C4F8FC0307
:106F2000206940F02000206100BF00BF00BF206842
:106F300040F020002060206840F4807020602069CC
:106F400040F400702061206940F480702061206866
:106F500040F0200020600320C4F8FC03206940F0CA
:106F60002000206100BF00BF00BF206840F020006B
:106F70002060206840F48070206041F23000C4F846
:106F8000FC03206940F02000206100BF00BF00BF6B
:106F9000206840F020002060206840F4807020606D
:106FA000206940F400702061206940F48070206105
:106FB000206840F0200020600420C4F8FC03206911
:106FC00040F02000206100BF00BF00BF206840F0FB
:106FD00020002060206840F480702060C4F8FC53DA
:106FE000206940F02000206100BF00BF00BF206882
:106FF00040F020002060206840F48070206020690C
:1070000040F400702061206940F4807020612068A5
:1070100040F0200020600820C4F8FC03206940F004
:107020002000206100BF00BF00BF206840F02000AA
:107030002060206840F48070206040F20720C4F88F
:10704000FC03206940F02000206100BF00BF00BFAA
:10705000206840F020002060206840F480702060AC
:10706000206940F400702061206940F48070206144
:10707000206840F0200020600920C4F8FC0320694B
:1070800040F02000206100BF00BF00BF206840F03A
:1070900020002060206840F480702060C4F8FC5319
:1070A000206940F02000206100BF00BF00BF2068C1
:1070B00040F020002060206840F48070206020694B
:1070C00040F400702061206940F4807020612068E5
:1070D00040F0200020600A20C4F8FC03206940F042
:1070E0002000206100BF00BF00BF206840F02000EA
:1070F0002060206840F480702060C4F8FC53206950
:1071000040F02000206100BF00BF00BF206840F0B9
:1071100020002060206840F480702060206940F4E6
:1071200000702061206940F480702061206840F088
:10713000200020600C20C4F8FC03206940F02000EF
:10714000206100BF00BF00BF206840F02000206029
:10715000206840F480702060C4F8FC53206940F03F
:107160002000206100BF00BF00BF206840F0200069
:107170002060206840F480702060206940F4007036
:107180002061206940F480702061206840F0200078
:1071900020600D20C4F8FC03206940F0200020612D
:1071A00000BF00BF00BF206840F0200020602068C2
:1071B00040F480702060C4F8FC53206940F0200047
:1071C000206100BF00BF00BF206840F020002060A9
:1071D000206840F480702060206940F400702061D5
:1071E000206940F480702061206840F02000206019
:1071F0000F20C4F8FC03206940F02000206100BF8C
:1072000000BF00BF206840F020002060206840F4EC
:1072100080702060C4F8FC53206940F02000206199
:1072200000BF00BF00BF206840F020002060206841
:1072300040F480702060206940F400702061206973
:1072400040F480702061206840F020002060102011
:10725000C4F8FC03206940F02000206100BF00BF9B
:1072600000BF206840F020002060206840F480705B
:107270002060C4F8FC53206940F02000206100BF6A
:1072800000BF00BF206840F020002060206840F46C
:1072900080702060206940F400702061206940F413
:1072A00080702061206840F020002060C4F8FC63FA
:1072B000206940F02000206100BF00BF00BF2068AF
:1072C00040F020002060206840F48070206007209B
:1072D000C4F8FC03206940F02000206100BF00BF1B
:1072E00000BF206840F020002060206840F48070DB
:1072F0002060206940F400702061206940F48070B3
:107300002061206840F020002060C4F8FC932069D0
:1073100040F02000206100BF00BF00BF206840F0A7
:1073200020002060206840F480702060C4F8FC5386
:10733000206940F02000206100BF00BF00BF20682E
:1073400040F020002060206840F4807020602069B8
:1073500040F400702061206940F480702061206852
:1073600040F020002060C4F8FCB3206940F0200009
:10737000206100BF00BF00BF206840F020002060F7
:10738000206840F480702060C4F8FC53206940F00D
:107390002000206100BF00BF00BF206840F0200037
:1073A0002060206840F480702060C820FBF77EFDDC
:1073B00020694FF0320A40F400702061206940F4E7
:1073C00080702061206840F020002060C4F8FC73C9
:1073D0002069102740F02000206100BF00BF00BFDF
:1073E000206840F020002060206840F48070206019
:1073F00041F29060C4F8FC03206940F02000206155
:1074000000BF00BF00BF206840F02000206020685F
:1074100040F480702060206940F400702061206991
:1074200040F480702061206840F020002060C4F8A3
:10743000FC63206940F02000206100BF00BF00BF56
:10744000206840F020002060206840F480702060B8
:1074500040F22720C4F8FC03206940F0200020619E
:1074600000BF00BF00BF206840F0200020602068FF
:1074700040F4807020603220FBF718FD206940F452
:1074800000702061206940F480702061206840F025
:1074900020002060C4F8FC93206940F020002061A7
:1074A00000BF00BF00BF206840F0200020602068BF
:1074B00040F4807020601D20C4F8FC03206940F077
:1074C0002000206100BF00BF00BF206840F0200006
:1074D0002060206840F4807020603220FBF7E6FCDA
:1074E000206940F400702061206940F480702061C0
:1074F000206840F020002060C4F8FCB3206940F010
:107500002000206100BF00BF00BF206840F02000C5
:107510002060206840F4807020604FF40060C4F860
:10752000FC03206940F02000206100BF00BF00BFC5
:10753000206840F020002060206840F480702060C7
:10754000206940F400702061206940F4807020615F
:10755000206840F0200020602920C4F8FC03206946
:1075600040F02000206100BF00BF00BF206840F055
:1075700020002060206840F4807020601420C4F84F
:10758000FC03206940F02000206100BF00BF00BF65
:10759000206840F020002060206840F48070206067
:1075A000206940F400702061206940F480702061FF
:1075B000206840F0200020602B20C4F8FC032069E4
:1075C00040F02000206100BF00BF00BF206840F0F5
:1075D00020002060206840F4807020600B20C4F8F8
:1075E000FC03206940F02000206100BF00BF00BF05
:1075F000206840F020002060206840F48070206007
:107600003220FBF753FC2069032140F40070206115
:107610002069072240F480702061206840F020003B
:1076200020602020C4F8FC03206940F02000206185
:1076300000BF00BF00BF206840F02000206020682D
:1076400040F480702060C4F8FC53206940F02000B2
:10765000206100BF00BF00BF206840F02000206014
:10766000206840F480702060206940F40070206140
:10767000206940F480702061206840F02000206084
:107680002120C4F8FC03206940F02000206100BFE5
:1076900000BF00BF206840F020002060206840F458
:1076A00080702060C4F8FC53206940F02000206105
:1076B00000BF00BF00BF206840F0200020602068AD
:1076C00040F480702060206940F4007020612069DF
:1076D00040F480702061206840F02000206030205D
:1076E000C4F8FC03206940F02000206100BF00BF07
:1076F00000BF206840F020002060206840F48070C7
:107700002060C4F8FC83206940F02000206100BFA5
:1077100000BF00BF206840F020002060206840F4D7
:1077200080702060206940F400702061206940F47E
:1077300080702061206840F0200020603120C4F873
:10774000FC03206940F02000206100BF00BF00BFA3
:10775000206840F020002060206840F480702060A5
:1077600040F20770C4F8FC03206940F0200020615B
:1077700000BF00BF00BF206840F0200020602068EC
:1077800040F480702060206940F40070206120691E
:1077900040F480702061206840F020002060C4F830
:1077A000FCA3206940F02000206100BF00BF00BFA3
:1077B000206840F020002060206840F48070206045
:1077C0000620C4F8FC03206940F02000206100BFBF
:1077D00000BF00BF206840F020002060206840F417
:1077E00080702060206940F400702061206940F4BE
:1077F00080702061206840F0200020603520C4F8AF
:10780000FC03206940F02000206100BF00BF00BFE2
:10781000206840F020002060206840F480702060E4
:1078200040F20470C4F8FC03206940F0200020619D
:1078300000BF00BF00BF206840F02000206020682B
:1078400040F480702060206940F40070206120695D
:1078500040F480702061206840F0200020603620D5
:10786000C4F8FC03206940F02000206100BF00BF85
:1078700000BF206840F020002060206840F4807045
:10788000206041F60470C4F8FC03206940F0200039
:10789000206100BF00BF00BF206840F020002060D2
:1078A000206840F480702060206940F400702061FE
:1078B000206940F480702061206840F02000206042
:1078C0003720C4F8FC03206940F02000206100BF8D
:1078D00000BF00BF206840F020002060206840F416
:1078E000807020600420C4F8FC03206940F0200070
:1078F000206100BF00BF00BF206840F02000206072
:10790000206840F480702060206940F4007020619D
:10791000206940F480702061206840F020002060E1
:107920003820C4F8FC03206940F02000206100BF2B
:1079300000BF00BF206840F020002060206840F4B5
:1079400080702060C4F8FC53206940F02000206162
:1079500000BF00BF00BF206840F02000206020680A
:1079600040F480702060206940F40070206120693C
:1079700040F480702061206840F0200020603920B1
:10798000C4F8FC03206940F02000206100BF00BF64
:1079900000BF206840F020002060206840F4807024
:1079A000206040F20670C4F8FC03206940F020001B
:1079B000206100BF00BF00BF206840F020002060B1
:1079C000206840F480702060206940F400702061DD
:1079D000206940F480702061206840F02000206021
:1079E0003C20C4F8FC03206940F02000206100BF67
:1079F00000BF00BF206840F020002060206840F4F5
:107A00008070206040F20170C4F8FC03206940F0EF
:107A10002000206100BF00BF00BF206840F02000B0
:107A20002060206840F480702060206940F400707D
:107A30002061206940F480702061206840F02000BF
:107A400020603D20C4F8FC03206940F02000206144
:107A500000BF00BF00BF206840F020002060206809
:107A600040F4807020600F20C4F8FC03206940F0CF
:107A70002000206100BF00BF00BF206840F0200050
:107A80002060206840F480702060206940F400701D
:107A90002061206940F480702061206840F020005F
:107AA00020605020C4F8FC03206940F020002061D1
:107AB00000BF00BF00BF206840F0200020602068A9
:107AC00040F480702060C4F8FC53206940F020002E
:107AD000206100BF00BF00BF206840F02000206090
:107AE000206840F480702060206940F400702061BC
:107AF000206940F480702061206840F02000206000
:107B00005120C4F8FC03206940F02000206100BF30
:107B100000BF00BF206840F020002060206840F4D3
:107B200080702060EF20C4F8FC03206940F0200042
:107B3000206100BF00BF00BF206840F0200020602F
:107B4000206840F480702060206940F4007020615B
:107B5000206940F480702061206840F0200020609F
:107B60005220C4F8FC03206940F02000206100BFCF
:107B700000BF00BF206840F020002060206840F473
:107B800080702060C4F8FC53206940F02000206120
:107B900000BF00BF00BF206840F0200020602068C8
:107BA00040F480702060206940F4007020612069FA
:107BB00040F480702061206840F020002060532055
:107BC000C4F8FC03206940F02000206100BF00BF22
:107BD00000BF206840F020002060206840F48070E2
:107BE000206040F23F10C4F8FC03206940F0200000
:107BF000206100BF00BF00BF206840F0200020606F
:107C0000206840F480702060206940F4007020619A
:107C1000206940F480702061206840F020002060DE
:107C20006020C4F8FC03206940F02000206100BF00
:107C300000BF00BF206840F020002060206840F4B2
:107C4000807020604FF41C50C4F8FC03206940F0A1
:107C50002000206100BF00BF00BF206840F020006E
:107C60002060206840F480702060206940F400703B
:107C70002061206940F480702061206840F020007D
:107C800020606120C4F8FC03206940F020002061DE
:107C900000BF00BF00BF206840F0200020602068C7
:107CA00040F4807020600120C4F8FC03206940F09B
:107CB0002000206100BF00BF00BF206840F020000E
:107CC0002060206840F480702060206940F40070DB
:107CD0002061206940F480702061206840F020001D
:107CE00020606A20C4F8FC03206940F02000206175
:107CF00000BF00BF00BF206840F020002060206867
:107D000040F480702060C4F8FC53206940F02000EB
:107D1000206100BF00BF00BF206840F0200020604D
:107D2000206840F480702060206940F40070206179
:107D3000206940F480702061206840F020002060BD
:107D40008020C4F8FC03206940F02000206100BFBF
:107D500000BF00BF206840F020002060206840F491
:107D600080702060C4F8FC53206940F0200020613E
:107D700000BF00BF00BF206840F0200020602068E6
:107D800040F480702060206940F400702061206918
:107D900040F480702061206840F020002060812045
:107DA000C4F8FC03206940F02000206100BF00BF40
:107DB00000BF206840F020002060206840F4807000
:107DC0002060C4F8FC53206940F02000206100BF0F
:107DD00000BF00BF206840F020002060206840F411
:107DE00080702060206940F400702061206940F4B8
:107DF00080702061206840F0200020608220C4F85C
:107E0000FC03206940F02000206100BF00BF00BFDC
:107E1000206840F020002060206840F480702060DE
:107E2000C4F8FC53206940F02000206100BF00BF6F
:107E300000BF206840F020002060206840F480707F
:107E40002060206940F400702061206940F4807057
:107E50002061206840F0200020608320C4F8FC03EB
:107E6000206940F02000206100BF00BF00BF2068F3
:107E700040F020002060206840F480702060C4F84A
:107E8000FC53206940F02000206100BF00BF00BF0C
:107E9000206840F020002060206840F4807020605E
:107EA000206940F400702061206940F480702061F6
:107EB000206840F0200020608420C4F8FC03206982
:107EC00040F02000206100BF00BF00BF206840F0EC
:107ED00020002060206840F480702060C4F8FC53CB
:107EE000206940F02000206100BF00BF00BF206873
:107EF00040F020002060206840F4807020602069FD
:107F000040F400702061206940F480702061206896
:107F100040F0200020608520C4F8FC03206940F078
:107F20002000206100BF00BF00BF206840F020009B
:107F30002060206840F480702060C4F8FC53206901
:107F400040F02000206100BF00BF00BF206840F06B
:107F500020002060206840F480702060206940F498
:107F600000702061206940F480702061206840F03A
:107F7000200020609020C4F8FC03206940F020001D
:107F8000206100BF00BF00BF206840F020002060DB
:107F9000206840F480702060C4F8FC73206940F0D1
:107FA0002000206100BF00BF00BF206840F020001B
:107FB0002060206840F480702060206940F40070E8
:107FC0002061206940F480702061206840F020002A
:107FD00020609220C4F8FC03206940F0200020615A
:107FE00000BF00BF00BF206840F020002060206874
:107FF00040F480702060C4F8FC53206940F02000F9
:10800000206100BF00BF00BF206840F0200020605A
:10801000206840F480702060206940F40070206186
:10802000206940F480702061206840F020002060CA
:108030009320C4F8FC03206940F02000206100BFB9
:1080400000BF00BF206840F020002060206840F49E
:1080500080702060C4F8FC13206940F0200020618B
:1080600000BF00BF00BF206840F0200020602068F3
:1080700040F480702060206940F400702061206925
:1080800040F480702061206840F02000206095203E
:10809000C4F8FC03206940F02000206100BF00BF4D
:1080A00000BF206840F020002060206840F480700D
:1080B00020604FF48870C4F8FC03206940F0200071
:1080C000206100BF00BF00BF206840F0200020609A
:1080D000206840F480702060206940F400702061C6
:1080E000206940F480702061206840F0200020600A
:1080F0009720C4F8FC03206940F02000206100BFF5
:1081000000BF00BF206840F020002060206840F4DD
:1081100080702060C4F8FC53206940F0200020618A
:1081200000BF00BF00BF206840F020002060206832
:1081300040F480702060206940F400702061206964
:1081400040F480702061206840F02000206098207A
:10815000C4F8FC03206940F02000206100BF00BF8C
:1081600000BF206840F020002060206840F480704C
:108170002060C4F8FC53206940F02000206100BF5B
:1081800000BF00BF206840F020002060206840F45D
:1081900080702060206940F400702061206940F404
:1081A00080702061206840F020002060C4F8FC133B
:1081B000206940F02000206100BF00BF00BF2068A0
:1081C00040F020002060206840F48070206041F280
:1081D0001800C4F8FC03206940F02000206100BFB3
:1081E00000BF00BF206840F020002060206840F4FD
:1081F00080702060206940F400702061206940F4A4
:1082000080702061206840F020002060C4F8FC23CA
:10821000206940F02000206100BF00BF00BF20683F
:1082200040F020002060206840F48070206040F220
:108230007310C4F8FC03206940F02000206100BFE7
:1082400000BF00BF206840F020002060206840F49C
:108250008070206001B0BDE8F08F00007047000022
:108260002DE9F04F81B040F27004C2F20004607852
:10827000022837D0012800F0BF80002840F0368166
:1082800044F24E10C4F24D50254645F8280F4420C4
:10829000288142F22000C4F6201068601820294688
:1082A000FCF75AFFA948A9A10F1D8CCF85E88D00C6
:1082B000088A897C2882A97448202946FCF74CFF4B
:1082C000A748A7A10F1D8CCF85E88D00088A897C5F
:1082D0002882A974602004F1280101B0BDE8F04FA4
:1082E000FCF73ABF46F27710C6F2765044F8280FF2
:1082F00046F67250C0F23A00C4F8070046F2206019
:10830000C7F26F20606000202146FCF725FF232084
:1083100040F23B11C8224FF49B734FF49B75FDF75D
:108320002DFC14ED070A9FED731A81EE000ABDEED5
:10833000C00A10EE109AB9F1000F00F0D780B5FB1B
:10834000F9F0C5B2012D40F2B3804FF0FF3140F299
:10835000CC0751FA80F64FF00008C2F2000740F255
:108360003B12CDF8009000BF37F9180049F699117B
:10837000CFF6FF714843C10C01EBD07005FB18210B
:108380007E3889B2C0B20222022305FB08F9FDF74C
:10839000F5FB08F101044FF0000B4FF0000A00BF9D
:1083A00037F9180037F9141040F23B12091A91FB03
:1083B000F5F1022301FB0B004FF0993150FB01F066
:1083C000C10801EBD07009EB0A017E38511AC0B226
:1083D00089B20222FDF7D2FB0AF1010A1FFA8AF0E4
:1083E00086420BF1010BDBDCDDF80090A0464C452A
:1083F00040F23B12B8D179E0A06902F027FA04F10B
:10840000280502460B463CA12846F7F7DDFF002071
:108410002946FCF7A1FEE06902F018FA02460B4675
:1084200038A12846F7F7D0FF18202946FCF794FE1C
:10843000206A02F00BFA02460B4635A12846F7F7F0
:10844000C3FF30202946FCF787FE606A02F0FEF980
:1084500002460B4631A12846F7F7B6FF48202946C9
:10846000FCF77AFEE06802F0F1F902460B462EA115
:108470002846F7F7A9FF60202946FCF76DFE94ED2A
:10848000040A9FED2D1A20EE010A10EE100A02F0E8
:10849000DDF902460B4629A12846F7F795FF78201B
:1084A00004F1280101B0BDE8F04FFCF755BE00BF54
:1084B00040F2CC0849F699170024C2F20008CFF622
:1084C000FF7740F23B1600BF38F9140002227843D0
:1084D000C10C01EBD07005FB14617E3889B2C0B2CB
:1084E0000223FDF74BFB0134A145EDD101B0BDE8FE
:1084F000F08F00BF004C4748327468203D20252E85
:1085000033660000337468203D20252E336600005A
:10851000347468203D20252E3366000035746820B1
:108520003D20252E33660000626173655F663D2540
:108530002E3266487A0000000000C8427468642049
:108540003D20252E33662525000000004D524A4A65
:10855000202020323032333339303230313700008E
:108560004C5A4820202020323032333339303230D8
:1085700031330000FAF796BD4EF68850CEF2000077
:10858000016841F4700101607047000043F29C10E3
:10859000C2F20000FBF786BE80B540F2FF7C0268A5
:1085A000C4F2000C604521DD40F60003C4F2000374
:1085B000984224D043F20043C4F2010398421ED0F3
:1085C00042F60043C4F20103984218D043F2FF334D
:1085D000C4F2010398421CDC604529DCB0F1804FF5
:1085E0003CD040F20043C4F2000335E0B0F1804FCC
:1085F00005D040F20043C4F200039842E6D14B6834
:1086000022F070021A4343F2FF33C4F2010398428E
:10861000E2DD44F2FF33C4F20103984212DC43F27C
:108620000043C4F20103984218D044F2000311E061
:1086300040F60003C4F2000398420FD042F6004314
:1086400008E000BF44F60003C4F20103984205D0DD
:1086500044F20043C4F20103984203D1CB6822F4F0
:1086600040721A434B6922F0800E8A6843EA0E0377
:10867000D1F800C00360C262A0F18042A2F5963238
:108680004FEAB222072AC0F828C007D8012303FA0C
:1086900002F212F0E50F1CBF09690163012141617B
:1086A0000169C90708BF80BD016921F001010161AD
:1086B00080BD000080B5816A0A070DD4CA0716D1B3
:1086C0008A071FD44A0728D4CA0631D48A063AD466
:1086D0004A0658D542E000BF0268D0F838C0536857
:1086E00023F4004343EA0C035360CA07E8D002684E
:1086F000D0F82CC0536823F4003343EA0C035360D2
:108700008A07DFD50268D0F830C0536823F480337D
:1087100043EA0C0353604A07D6D50268D0F834C048
:10872000536823F4802343EA0C035360CA06CDD573
:108730000268D0F83CC0936823F4805343EA0C03EA
:1087400093608A06C4D50268D0F840C0936823F4C9
:10875000005343EA0C0393604A0614D50268D0F82C
:1087600044C05368BCF5801F23F4801343EA0C0314
:10877000536008D1D2F804C0D0F848E02CF4C0030C
:1087800043EA0E035360090658BF80BD0168C06C00
:108790004A6822F400221043486080BDB0B582B020
:1087A00004460020C4F89000FAF776FC21680546DC
:1087B0000A68120737D56FF07E4C20464FF400113F
:1087C00000222B46CDF800C000F0F8F950B300BFEE
:1087D000206850E8000F216820F0800041E8000286
:1087E000DAB1206850E8000F216820F0800041E8ED
:1087F000000292B1206850E8000F216820F080004C
:1088000041E800024AB1206850E8000F216820F0DA
:10881000800041E80002002ADAD12020C4F8880054
:1088200060E000BF21680868400761D56FF07E4CAA
:1088300020464FF4800100222B46CDF800C000F006
:10884000BDF9002854D000BF206850E8000F21680F
:1088500020F4907041E80002E2B1206850E8000F77
:10886000216820F4907041E800029AB1206850E835
:10887000000F216820F4907041E8000252B1206896
:1088800050E8000F216820F4907041E80002002AAF
:10889000DAD100BF206850E8020F216820F0010003
:1088A00041E80202DAB1206850E8020F216820F0A6
:1088B000010041E8020292B1206850E8020F2168ED
:1088C00020F0010041E802024AB1206850E8020F9E
:1088D000216820F0010041E80202002ADAD12020BC
:1088E000C4F88C000320002184F8841002B0B0BDCD
:1088F0002020C4F88800C4F88C000020E0662067BF
:10890000002184F8841002B0B0BD0000806A00210C
:10891000A0F85E10FBF764BE70B5054605F10804CB
:108920001ECC0068194341EA0403EE69046846F668
:10893000F311CCF6FF7121401943314301604168C6
:1089400048F2000C21F4405111434160AA69C4F27D
:10895000000C60451CBF296A0A4381684FF2FF433F
:10896000C1F2FF13194011438160C16AD5F824E0B8
:1089700021F00F0141EA0E01C16244F6FF31C4F259
:10898000000188424FF0100314DD44F60041C4F2A8
:108990000001884222D0604528D043F60001C4F28D
:1089A0000101884238D141F28801C4F202010B680A
:1089B0007EA22DE044F20041C4F2000188421DD0A5
:1089C00044F60001C4F20001884225D141F2880139
:1089D000C4F2020109680B0916E000BF41F28801E8
:1089E000C4F2020109688B090EE000BF41F2880160
:1089F000C4F2020109688B0A06E000BF41F2880157
:108A0000C4F2020109688B084CF62022C0F600026D
:108A100003F0030152F82130604542F20040C0F2F9
:108A2000F40015D0B6F5004F24D1082B4FF001010A
:108A300000F2B380DFE803F0065E6CB164B1B1B15F
:108A40006A0000BFFAF73AFF002856D15CE000BF89
:108A5000082B4FF0010100F2A080DFE803F0059E33
:108A6000259E1D9E9E9E2300FAF728FFC0B1D5F8D3
:108A700024E019E0082B4FF0010100F28E80DFE8BE
:108A800003F00565738C6B8C8C8C7100FAF716FF04
:108A900000285ED164E000BFFAF73CFF0028E6D171
:108AA00000217AE04FF400404BF6E831C0F60001B7
:108AB00031F81E106A68B0FBF1F002EB4201884207
:108AC0004FF0010169D31303984266D8010E0002EA
:108AD00010EB520041F100010023F7F7FDFB4FF6C8
:108AE0000052A0F54071C0F20F0291424FD3012114
:108AF00053E000BFFAF7F8FE30B1D5F824E007E004
:108B0000FAF708FF0028F8D1002146E04FF40040B2
:108B10004BF6E831C0F6000131F81E106A68B0FB70
:108B2000F1F0510801EB4000B0FBF2F04FF6EF72AC
:108B3000A0F11001914207D84FF6F0710140C0F347
:108B40004200084423E000BF012126E0FAF7CCFEF2
:108B500030B1D5F824E007E0FAF7DCFE0028F8D1C0
:108B600000211AE04FF400404BF6E831C0F6000156
:108B700031F81E104FF6EF72B0FBF1F0696800EBB0
:108B80005100B0FBF1F0A0F11001914204D8296826
:108B9000C860002101E000BF01214FF00110A8666C
:108BA000002208466A67AA6770BD00BF0100000086
:108BB0000400000002000000080000002DE9F04160
:108BC000804600681546C2690E461140891BB1FAFD
:108BD00081F14909A94223D1069C2CB3611C29D1FA
:108BE000C1693140891BB1FA81F14909A94217D104
:108BF000C1693140891BB1FA81F14909A9420FD1FC
:108C0000C1693140891BB1FA81F14909A94207D1F3
:108C1000C1693140891BB1FA81F14909A942DFD00C
:108C20000020BDE8F08100BFFAF736FA0320BDE866
:108C3000F08100BF1F4607E0C0693040801BB0FADA
:108C400080F04009A842EBD1FAF726FAC01BA042F7
:108C500000F2AE80D8F8000001684907ECD5402E3C
:108C6000EAD0802EE8D0C169090700F1A580C1696A
:108C70000905E1D54FF400610162D8F8000050E821
:108C8000000FD8F8001020F4907041E800020AB3F9
:108C9000D8F8000050E8000FD8F8001020F49070C9
:108CA00041E80002B2B1D8F8000050E8000FD8F84F
:108CB000001020F4907041E800025AB1D8F800008A
:108CC00050E8000FD8F8001020F4907041E800023E
:108CD000002AD2D14FF6FE70CEF6FF70D8F8001001
:108CE00051E8021FD8F80020014042E80213F3B116
:108CF000D8F8001051E8021FD8F80020014042E8DF
:108D00000213A3B1D8F8001051E8021FD8F80020D0
:108D1000014042E8021353B1D8F8001051E8021F95
:108D2000D8F80020014042E80213002BD6D1D8F831
:108D30006C0001282CD1D8F8000050E8000FD8F8BA
:108D4000001020F0100041E800020AB3D8F800003B
:108D500050E8000FD8F8001020F0100041E80002A1
:108D6000B2B1D8F8000050E8000FD8F8001020F099
:108D7000100041E800025AB1D8F8000050E8000F96
:108D8000D8F8001020F0100041E80002002AD2D1EB
:108D900020200021C8F88C00C8F86C10C8F87410A6
:108DA000C8F89000032088F88410BDE8F08100BF67
:108DB0000320BDE8F08100BF08210162D8F800005F
:108DC00050E8000FD8F8001020F4907041E800023D
:108DD0000AB3D8F8000050E8000FD8F8001020F4CB
:108DE000907041E80002B2B1D8F8000050E8000FDE
:108DF000D8F8001020F4907041E800025AB1D8F879
:108E0000000050E8000FD8F8001020F4907041E8FE
:108E10000002002AD2D14FF6FE70CEF6FF70D8F8CD
:108E2000001051E8021FD8F80020014042E8021368
:108E3000F3B1D8F8001051E8021FD8F80020014023
:108E400042E80213A3B1D8F8001051E8021FD8F885
:108E50000020014042E8021353B1D8F8001051E855
:108E6000021FD8F80020014042E80213002BD6D19F
:108E7000D8F86C0001282CD1D8F8000050E8000F79
:108E8000D8F8001020F0100041E800020AB3D8F82A
:108E9000000050E8000FD8F8001020F0100041E862
:108EA0000002B2B1D8F8000050E8000FD8F8001066
:108EB00020F0100041E800025AB1D8F8000050E854
:108EC000000FD8F8001020F0100041E80002002A3E
:108ED000D2D12020C8F88C0000200821C8F86C00EE
:108EE000C8F87400C8F8901088F884000120BDE824
:108EF000F081000043F2E810C2F20000FBF772BB01
:108F0000FEE70000F0B5F1B1002300BF02EB430C17
:108F100032F813E0BCF802C02EF0030E2CF0030C64
:108F200050F80E5050F80C6000EB0E0400EB0C07EC
:108F300040F80E6040F80C507E68656802338B4242
:108F400066607D60E2D3F0BD2DE9F041048898466B
:108F500016460746012A0D460CD1E4B3281D2146CA
:108F600090ED000A0139B1EE400A80ED000A00F1EF
:108F70000800F5D1FF2C0CDDB4F5806F10DBB4F5E3
:108F8000805F22D0B4F5006F11D0B4F5806F17D098
:108F900021E03F2C10DC102C12D0202C07D01AE03E
:108FA000B4F5807F03D0B4F5007F0ED013E03846CF
:108FB000294600F005F90EE0402C06D0802C0AD19D
:108FC0003846294600F030F805E07A682846214600
:108FD000012300F09DFBB8F1000F04D0B989BA68F5
:108FE0002846FFF78FFF012E1CD100EE104A002CFF
:108FF000B8EE400A08BFBDE8F081B7EE001A81EE76
:10900000000A00BF95ED001A95ED012A20EE011A25
:1090100022EE402A85ED001A85ED012A013C05F17A
:109020000805EFD1BDE8F0812DE9F0472DED028B69
:1090300003888046084601EB830AD8F80420002103
:10904000B1EBD30F4FEA530900F0AB80D9080AEB1C
:10905000890C00EB890E0027C4190AEB070594ED73
:10906000000A95ED003A94ED011A95ED014A0EEBD8
:1090700007030CEB070694ED022A95ED025A70EEF9
:10908000035A93ED006AD6ED001AD6ED012AD6ED0B
:10909000023AD6ED034AC4ED005A71EE045A93ED3C
:1090A000017AC4ED015A72EE055AD3ED020AC4EDFD
:1090B000025AD4ED035AD5ED036A31EE441A35EE67
:1090C000A68A36EE214AD3ED037A84ED038A83ED36
:1090D000004A37EE224A83ED014A30EEA34A83ED7F
:1090E000024A37EEA44A83ED034AD31931EEC64A49
:1090F00033EEE06AD3ED000AD3ED011A30EE430AF5
:1091000032EE452A32EEC75A60EE202A61EE213A4D
:1091100021EE201A20EE210A31EE400A85ED010AE7
:1091200024EE210A25EE211A25EE205A72EEA32AFA
:1091300024EE204A30EE450AC5ED002A86ED000AED
:1091400034EE010A86ED010A93ED020A93ED031A4B
:1091500035EEE63A22EE004A23EE015A23EE003ABB
:1091600022EE012A34EEE77A33EE422A85ED032A15
:1091700026EE012A27EE011A27EE003A26EE000A13
:1091800034EE054A32EE432A30EE010A013907F186
:10919000100785ED024A86ED022A86ED030A7FF468
:1091A0005BAF4946022300F0B3FAD8F804205046DA
:1091B00049460223BDEC028BBDE8F04700F0A8BA97
:1091C0002DE9F04F81B02DED088B8EB0028803465B
:1091D000500801EB800505EB800691ED000A91ED4A
:1091E000011A96ED002A96ED013A04935B6806EBAE
:1091F000800730EE024A30EE420A31EE032A31EEA9
:10920000431A95ED013A95ED005A0593930897EDB1
:10921000017AD7ED000A029374EE452A72EE433AC2
:1092200034EE054A32EE032A6FF0010334EE204A91
:1092300032EE072A03EB920230EE036A71EE451A12
:1092400030EE430A31EE051A81ED004A0A9181EDB4
:10925000012A510836EE476A71EEA01A72EEE02A32
:1092600073EEC73A30EE070A31EE601A00950196A8
:1092700003970D91C10085ED006AC5ED011AC6ED99
:10928000002AC6ED013A87ED000A87ED011A0C911C
:1092900000EB40016FF007036FF003074FEA800E09
:1092A00007EBC00B07EB800A03EB001903EB81020D
:1092B0008C000020002500210B9100BF0A9E059B19
:1092C00007900695089406EB04080C9C311806EBF1
:1092D000040C06EB0E0491ED020A9CED022AD4ED7B
:1092E000020A30EE026AD8ED022A36EE204A34EE47
:1092F000224A91ED031A9CED033AD4ED031AD8EDFE
:10930000033A81ED024A94ED034A31EE037A98ED77
:10931000035A37EE044ACDF824E034EE054A81EDD5
:10932000034A0B9930EE420A31EE431A30EE212AFD
:1093300003EB010E32EE634A31EE602A0D9932EEF4
:10934000225A36EE602A37EE613A30EE610A31EE8B
:10935000201A1F18581932EE622A33EE633A30EEA3
:10936000230A002931EE621A00F0CC800A998E1887
:1093700001EB0A0301EB0905594493ED007AD6EDA0
:10938000010AD1ED003A77EE202AD5ED014A72EEBE
:10939000A35A75EEA45A13ED016AD6ED001A51EDE9
:1093A000016AD5ED007AC3ED005A11ED018A76EE1F
:1093B000215A95ED009A35EE888A38EE098A03ED38
:1093C000018A97ED028A97ED039A24EE08AA25EE0A
:1093D00009BA25EE085A24EE094A35EE444A37EE1A
:1093E000605A84ED034A36EE614A35EE666A33EE22
:1093F000E47A36EE276A74EE070A66EE091A20EE62
:10940000899A60EE880A26EE086A3AEE0BAA71EE97
:10941000E00A36EE096A84ED02AAC1ED000A01ED08
:10942000016A90ED046AD0ED050A62EE061A23EE99
:10943000208A23EE063A22EE202A33EE422A8CEDD1
:10944000032A32EEE32A35EEE63A71EE881A33EE5D
:10945000673A32EE642A0D98CCED021A62EE461A93
:1094600023EE066A23EE203A22EE202A31EEC33A9A
:1094700032EE462A013886ED013A86ED002A0D903B
:109480009EED062A9EED073A0C9820EE026A61EEE8
:10949000030A21EE021A20EE030A083031EE400AD8
:1094A00037EEE61ADDF824E00C9088ED030A37EE7B
:1094B000440A31EE451A0B9821EE034A20EE033A96
:1094C00020EE020A36EE206A21EE021A34EE400A3D
:1094D000183088ED026A85ED010A31EE030A089C16
:1094E0000B9085ED000A069D07980EF1080E0834D2
:1094F00010350830A9F10809083AABF1080BAAF1B8
:10950000080ADBE697ED026A97ED037A64EE060A35
:1095100065EE071A25EE065A24EE074A30EEA16AD8
:1095200035EE444A84ED026A84ED034A90ED044A24
:1095300090ED055A22EE046A23EE057A23EE043AF2
:1095400022EE052A36EE074A33EE422A8CED024A15
:109550008CED032A9EED062A9EED073A029D20EE31
:10956000024A21EE035A21EE021A20EE030A0A985B
:10957000059A34EE052A31EE400A2946042388ED87
:10958000022A88ED030A00F0C3F8049C0098626880
:109590002946042300F0BCF8626801982946042398
:1095A00000F0B6F862680398294604230EB0BDECBB
:1095B000088B01B0BDE8F04F00F0AAB82DE9F043E8
:1095C00081B02DED028B0C4600219046B1EB920F3D
:1095D000054674D04FEA980795ED000A95ED011AFB
:1095E00020EE000A21EE011A30EE018AB0EE480AA0
:1095F00001F036F8B4EE400AF1EE10FA49D684EDE7
:10960000000A95ED020A95ED031A20EE000A21EEFC
:10961000011A30EE018AB0EE480A01F021F8B4EEEA
:10962000400AF1EE10FA39D684ED010A95ED040AEC
:1096300095ED051A20EE000A21EE011A30EE018A9E
:10964000B0EE480A01F00CF8B4EE400AF1EE10FA60
:1096500029D684ED020A95ED060A95ED071A20EE4B
:10966000000A21EE011A30EE018AB0EE480A05F137
:10967000200904F1100600F0F3FFB4EE400AF1EE09
:1096800010FA15D684ED030A013F4D463446A3D1A6
:1096900013E0B0EE480A00F0E3FFB0E7B0EE480A8E
:1096A00000F0DEFFC0E7B0EE480A00F0D9FFD0E7D7
:1096B000B0EE480A00F0D4FFE4E734464D4618F017
:1096C000030620D095ED000A95ED011A20EE000A60
:1096D00021EE011A30EE018AB0EE480A271D00F093
:1096E000BFFFB4EE400AF1EE10FA07D684ED000A8F
:1096F000013E05F108053C46E4D104E0B0EE480A1D
:1097000000F0AEFFF2E7BDEC028B01B0BDE8F083E4
:109710002DE9F04F81B02DED108BA0B0DFED04CA24
:1097200000900430CDE902320190CDE91E1101E034
:10973000F304353F1F9A4FF0000AD308DF00A7EB70
:10974000D200C0001D904FEAC20C03EB430503EBAF
:109750008302580106931E01019B2C014FEAC20EA1
:10976000ED00CDE90C0ECDE90A5600BF0A9D19188F
:1097700003EB05091D9D03EB0E0003EB070810ED3D
:10978000014A86469A19181903EB050B13ED011AC5
:1097900011ED012A18ED013A12ED017A50ED010A9E
:1097A00059ED011A5BED012A31EE025A33EE046ADB
:1097B00077EE203A71EEA24A75EE235A76EE246ACD
:1097C00075EEA67A43ED017A75EEE65AD8ED007A89
:1097D0009EED008A99ED00BA9BED00CAD3ED006AB8
:1097E00041ED015AD1ED005A92ED009A90ED00AA98
:1097F00037EE88EA7BEE0C8A36EEA5DA39EE0AFA05
:1098000035EE635A36EE646A7EEE684A7DEE0F9A54
:109810007DEE4F3A35EE24DA35EE645A7EEE28AA14
:1098200002ED01DA33EEC6DA00ED015A36EE235AC4
:1098300031EE421A33EE442A37EE603A31EEE24A14
:1098400037EEC86A7BEE4C0A79EEAABA79EEEA9A4C
:1098500072EE441A32EE042A36EE604A36EE206A80
:10986000C3ED00BAC1ED009A82ED00DA80ED005A36
:1098700036EEE55A39EE4A7A61EEAC1A22EE2C2A1F
:1098800024EE2C4A26EE2C6A71EE210A73EE022A8F
:1098900075EE043A77EE064A31EE611A33EE422A4B
:1098A00035EE443A37EE464A2646744670EEA45AE0
:1098B00070EEE40A31EE045A1F9A1E9948ED015ADF
:1098C00073EEE25A4BED010A72EEA30A204604ED54
:1098D000015A33EE425ADDF834E0C8ED005ACBEDC0
:1098E000000A84ED005A0C9831EE441A34460B9E5F
:1098F000924409ED011A32EE031A8A45634489ED58
:10990000001AFFF433AF1F984028C0F0D4810298AA
:10991000009E80B205900698CDE90E4CC0EBC000C9
:10992000C000002401251097049000BF0598039BF8
:10993000044403EBC40191ED000A03EB04128DED26
:109940001D0A92ED000A04EB440203EBC2008DED08
:109950001C0A90ED000A03EB44118DED1B0A91EDFA
:10996000000A04EB8401C80003EBC1018DED1A0A63
:1099700091ED000A4FEAC20A4FEA021B03EB021202
:109980008DED190A92ED000AC4EBC4024FEAC40C33
:10999000D10003EBC2028DED180A92ED000A0CF122
:1099A00004024FEA041E1A448DED170A92ED000AD4
:1099B0000EF104021A448DED160A92ED000A0AF126
:1099C00004024FEA44191A448DED150A92ED000A7B
:1099D00009F104021A448DED140A92ED000A0430D4
:1099E00018448DED130A90ED000A0BF104001844A1
:1099F0008DED120A90ED000A081D18440994D0ED6F
:109A0000006A0796B44608952B46DDE90C54DDE95B
:109A10000A76DDF810808DED110A00BF10980E99BE
:109A20000CEB05090CEB000E0CEB04000CEB060B29
:109A30000CEB010A0CEB07020CEB0801DCED027ADF
:109A400099ED028A9EED029A90ED02AA9BED02DA50
:109A50009AED02EA92ED02FAD1ED028A37EE88BA67
:109A600039EE0ACA7DEE0E9A7FEE28AA7BEE29BA5D
:109A7000F0EE6C3A7CEE2ACA7BEEACDACCED02DA80
:109A80007BEEECBADCED03CAD9ED03DADEED03EAD6
:109A9000D0ED03FA9BED030A9AED031A92ED032A27
:109AA00091ED033A3CEEAD4A3EEEAF5A30EE016A1C
:109AB00032EE037A74EE060A75EE071ADDED1A4AE5
:109AC000DDED135A70EEA12A70EEE10ACCED032A07
:109AD00064EEAB1A65EEA02A71EEA21A64EEA00A3B
:109AE00065EEAB2A70EEE20AC9ED021AC9ED030A6F
:109AF0007BEE690A7CEE6A1A34EE464A35EE475A26
:109B00009DED1CCADDED154A30EE856A34EE617AB2
:109B10006CEE062A24EE87BA2CEE077A24EE866ACB
:109B200030EEC55A31EE844ADDED180ADDED111A2A
:109B300037EE466A8BED036A20EE856A21EE847A61
:109B400020EE844A21EE855A37EE066A34EE454A05
:109B500039EE4A5A3FEE687A7EEEEF1A30EE410A4D
:109B600032EE431A7BEE222A35EE472A35EE073ACB
:109B700031EEC15A31EE811ACBED022A8AED026A2A
:109B80008AED034A37EEC84A3DEE4E6A7CEEED0A96
:109B900022EE232A23EE233A25EE235A21EE231A1E
:109BA000F0EE63CA34EE027A76EE031A70EE852A7E
:109BB00070EE017ADDED1D3ADDED164A37EE278AAB
:109BC00032EEE19A23EE88AA24EE89BA23EE899A2E
:109BD000DDED173A37EE677A71EEA21A63EE872A47
:109BE00066EEA17A63EEA11A26EE877A24EE888AC1
:109BF00031EEC77A34EE422A36EE433A30EEC54AA9
:109C000030EE410ADDED190ADDED121A39EE488A0F
:109C100032EE001A34EE435A8EED038A81ED037A58
:109C200020EE816A21EE857A20EE855A21EE811A96
:109C30003AEE0BAA72EEA72A36EE076A35EE411A03
:109C40008EED02AAC1ED022A80ED026A80ED031AB0
:109C50001F9833EE041A03441E989DED1B4A9DED98
:109C6000145A32EE400A83420F9824EE002A25EE61
:109C7000013A24EE011A25EE000A32EE032A31EEF3
:109C8000400A844482ED022A82ED030AFFF4C6AE44
:109C9000089D0698079E0135099C854206F1080635
:109CA000FFF444AE0298C00002901F983F28069827
:109CB0001F903FF63FAD20B0BDEC108B01B0BDE86A
:109CC000F08F000094B0F9F7FBF900244FF4007016
:109CD0000C94CDE90A44CDE90844F9F791FA012042
:109CE00006904FF480300790022014210D90032538
:109CF000CDE91010CDE9120006A8CDE90E55F9F70F
:109D000049FE28B1EFF3108072B600BFFEE700BF36
:109D10000F20CDE9010501A80221CDE903440594F6
:109D2000F9F742FC20B1EFF3108072B6FEE700BFF6
:109D3000FCF7F4F8FCF7CEF8FCF772F8FCF758F9EA
:109D4000FCF792F9FCF74EFAFCF7D0F9FCE75FEA72
:109D5000400C08BF91F0000F4FEA8C234FEAC1225C
:109D600043EA51514FEA1C5018BF00F5F0404FEA4A
:109D7000300018BF41F000415FEA6C5C00F02980C0
:109D8000BCF1FF3F08BF40F080407047130C06BF96
:109D900012044FF0100C4FF0000C130E04BF12020F
:109DA0000CF1080C130F04BF12010CF1040C930FFB
:109DB00004BF92000CF1020CD30F04BF52000CF14F
:109DC000010C11464FF00002A0F11F00A0EB0C00A7
:109DD000704711F0004F08BF704731F000413FF469
:109DE000D5AF0B0C06BF09044FF0100C4FF0000C60
:109DF0000B0E04BF09020CF1080C0B0F04BF090184
:109E00000CF1040C8B0F04BF89000CF1020CCB0F7A
:109E100004BF49000CF1010CCCF1200322FA03F33A
:109E200041EA030102FA0CF2A0EB0C0000F1010080
:109E30007047000023F07F4720F07F4C80EA03004A
:109E400000F00040ACEB070303F57C5303F1FF0384
:109E50002DE9804909B44FEA144324EA03484FEA44
:109E6000154B25EA0B4E0FF2042606EB13273E781E
:109E700003FB0667C7F5000707FB06F64FEAD64661
:109E800006F102064FEA543707FB066CCCF1005C82
:109E90004FEA1C472CEA074C0CFB06F507FB06F4BF
:109EA00004EB15464FEA961649085FEA320234BFC2
:109EB00000204FF000404FEAD13706FB07FC4FEA85
:109EC0001C4C0CFB0BF7D21B03FB0CF761EB0701DF
:109ED0000CFB0EF7B0EB074072EB17420CFB08F7D8
:109EE00034BFA2EB0742B2EB074261EB17414FEAE6
:109EF0000C444FEA910706FB07FC4FEA1C4C0CFB95
:109F00000BF7B0EBC74072EB573203FB0CF734BFD3
:109F1000A2EBC742B2EBC74261EB57310CFB0EF725
:109F2000B0EBC70072EB57720CFB08F734BFA2EB23
:109F3000C702B2EBC70261EB57714FEA816141EA98
:109F400092114FEA826242EA90124FEA806004EB7B
:109F5000CC04039F4FEAD13706FB07FC4FEA1C4CA9
:109F60000CFB0BF7D21B03FB0CF761EB07010CFB9F
:109F70000EF7B0EB074072EB17420CFB08F734BF4B
:109F8000A2EB0742B2EB074261EB17414FEA8C5557
:109F900004EB9C244FEA910706FB07FC4FEA1C4C9C
:109FA0000CFB0BF7B0EBC74072EB573203FB0CF71F
:109FB00034BFA2EBC742B2EBC74261EB57310CFB97
:109FC0000EF7B0EBC70072EB57720CFB08F734BF0B
:109FD000A2EBC702B2EBC70261EB57714FEA816196
:109FE00041EA92114FEA826242EA90124FEA80609F
:109FF00015EB4C2544F100044FEAD13706FB07FC72
:10A000004FEA1C4C0CFB0BF7D21B03FB0CF761EB6C
:10A0100007010CFB0EF7B0EB074072EB17420CFB8D
:10A0200008F734BFA2EB0742B2EB074261EB1741DE
:10A030004FEA813141EA92414FEA823242EA90424C
:10A040004FEA80304FEA0C7615EB1C1544F1000402
:10A0500048EA03434EEA0B484FF0000EB2EB080CFF
:10A0600071EB030724BF624639464EEB0E0E4FF0EC
:10A07000000B0018524149414BEB0B0BB2EB080CA3
:10A0800071EB03077BF1000B24BF624639464EEBB0
:10A090000E0E4FF0000B0018524149414BEB0B0BD9
:10A0A000B2EB080C71EB03077BF1000B24BF624697
:10A0B00039464EEB0E0E51EA020718BF46F0010674
:10A0C00016EB0E7655F1000254F1000103D5BDE800
:10A0D0008901BDE80088BDE88901BDE80048B619DE
:10A0E000524141EB0101A3F10103704780807F7E63
:10A0F0007D7C7B7A797877767675747372717170FE
:10A100006F6E6E6D6C6C6B6A6A69686867666665AF
:10A110006464636362616160605F5F5E5E5D5D5C3D
:10A120005C5B5B5A5A5959585857575656555555AE
:10A130005454535352525251515050504F4F4F4E0E
:10A140004E4D4D4D4C4C4C4B4B4B4A4A4A4949495C
:10A15000484848474747474646464545454444449E
:10A160004443434343424242424141419C46002BC7
:10A1700030D477002BD04FEA37071CB503B44FF02B
:10A1800010004FF01001BAF1000F06D0BCF1000F23
:10A19000DCBF40F0080040F008014FF000000FBCA9
:10A1A000BDE810400BF1010BBBF1010F08BF5FEAE6
:10A1B000170722BF12F1010211F101014FF0004116
:10A1C00043F1000300F0004043EA00007047F9D378
:10A1D0005708D0E746EA06464FEA164613F1400F05
:10A1E0001FDD13F1200FDFBF16430A460021203385
:10A1F0005B42BED0C3F1200746EA06464FEA164648
:10A2000002FA07F746EA070622FA03F2C3F120072B
:10A2100001FA07F742EA070221FA03F14FF00003BF
:10A22000A7E746EA020646EA06464FEA164646EA27
:10A230000106BCBF46EA0646360C4FF000034FF05D
:10A2400000024FF0000194E72DE9804C70B49A466B
:10A25000934691E8380007C831EA400C48BF34EA19
:10A26000430C03D5FFF7E6FDFFF780FFF0BCBDE828
:10A27000008C2DE9804C70B49A46934691E83800E2
:10A2800007C810F0804F08BF13F0804F03D100F0D3
:10A2900005F8FFF76BFFF0BCBDE8008C20F07F47AE
:10A2A00023F07F4C80EA030000F0004007EB0C0332
:10A2B000A3F57C53A3F1FE0392F0000F00F0B380EE
:10A2C00095F0000F00F077802DE901494FEA114029
:10A2D00021EA00484FEA144624EA064700FB06FC40
:10A2E00008FB06F607FB08F818EB06484CEB164C83
:10A2F00000FB07F718EB07484CEB17404FEA124BEF
:10A3000022EA0B4E4FEA154625EA06470BFB06FCF0
:10A310000EFB06F607FB0EFE1EEB064E4CEB164C34
:10A320000BFB07F71EEB074E4CEB174B18EB0B081C
:10A3300040F1000018EB0E0B58EB000840F1000054
:10A340008F1A4FF000014FF000063CBFC943661B57
:10A3500014BFB5EB040C00213CBFC943F61B4FEA08
:10A36000174427EA04454FEA1C472CEA074C04FB34
:10A37000076205FB07F70CFB05F616EB074642EBF9
:10A38000174204FB0CFC16EB0C4642EB1C421BEB89
:10A39000060658EB020241414EEA8E0E46EA9E0640
:10A3A00001D5BDE80189B619524141EB0101A3F184
:10A3B0000103BDE801894FEA144524EA05464FEA46
:10A3C000114721EA074C05FB07F406FB07F70CFBD6
:10A3D00006F111EB074144EB174405FB0CFC11EBB4
:10A3E0000C4144EB1C444FEA124722EA074C05FBA0
:10A3F00007F206FB07F70CFB06F616EB074642EBE7
:10A40000174205FB0CFC16EB0C4642EB1C456A1888
:10A4100054F1000148BF7047B619524141EB0101A8
:10A42000A3F10103704795F0000F37D04FEA1142B6
:10A4300021EA02464FEA144724EA074C02FB07F1DF
:10A4400006FB07F70CFB06F414EB074441EB17413E
:10A4500002FB0CFC14EB0C4441EB1C414FEA15478A
:10A4600025EA074C02FB07F506FB07F70CFB06F68F
:10A4700016EB074645EB174502FB0CFC16EB0C46AA
:10A4800045EB1C42121951F1000148BF7047B61943
:10A49000524141EB0101A3F1010370474FEA14451A
:10A4A00024EA05464FEA114721EA074C05FB07F16C
:10A4B00006FB07F70CFB06F212EB074241EB1741D4
:10A4C00005FB0CFC12EB0C4251EB1C414FF000065B
:10A4D00048BF7047921841EB0101A3F10103704797
:10A4E00003B401984100009850EAC12018BF04202D
:10A4F0004A0D18BF40F0010040F2FF72B2EB515F0D
:10A5000008BF40F00200012808BF052002B07047D4
:10A5100010EE101A08B5444A6846B2EB410F28D92C
:10A520004FF0E640B0EB410F94BF00204FF0FF30FA
:10A5300000900098002861DB60EE000A10F0010F27
:10A5400045D010F0020FDFED391A9FED391A00EEF9
:10A55000A11ADFED381A40EE811A21EEA01AF0EEB2
:10A56000400A40EE010A08BFF1EE600AB0EE600A50
:10A5700008BD314B21F0004293423CD911F0004F0D
:10A58000DFED2E0A20EE201ADFED2D0A19BF31EE85
:10A59000601A71EE200A31EE201A71EE600ABDEEEB
:10A5A000E01A11EE100A9FED271A00F0030000EEEA
:10A5B000C10A9FED251A009000EEC10A9FED231AF3
:10A5C00000EEC10A9FED221A00EEC10AB1E79FED2D
:10A5D000211A9FED210A10F0020F00EE810A9FED73
:10A5E0001F1A00EE801AB7EE000A00EE810A18BFAB
:10A5F000B1EE400A08BD00F05BF89AE710EE100AD1
:10A600004000B0F17F4F3CBFB7EE000A08BD07D154
:10A610004FF00100F5F7FDFFBDE8084000F040B83D
:10A62000BDE8084000F039B8B61F927E336D4CB9D2
:10A63000DA82083CA0AA2ABE490E494683F9223F85
:10A640000000004B0000C93F00A0FD390020A233EC
:10A650001A61342CB93AB2BACA9F2A3DDDFFFFBE57
:10A6600010B52DED028BB1EEC08A18EE100A20F065
:10A670000040C0F1FF40C00F0AD010EE100A20F0D9
:10A680000040C0F1FF40C00F04BF0120F5F7C1FF3B
:10A69000B0EE480ABDEC028B10BD30EE000A7047E8
:10A6A000DFED020A80EEA00A704700000000000003
:10A6B0002DE9F0014FF07F42B2EB410F9FBF4FF009
:10A6C000FF310160BDE8F00170474FF0004242EAFF
:10A6D0000123C1F3C752783A551112F01F0C434CB5
:10A6E000CCF120067C44C1F3C752A2F178024FEAB4
:10A6F000621204EB820254F8254008BFD2E90156E9
:10A7000012D0556804FA0CF425FA06F73C43976812
:10A7100005FA0CF527FA06F8D26807FA0CFCF240A5
:10A7200045EA08054CEA0206A4FB034CA5FB0352CC
:10A73000A6FB03631D449D4234BF01260026131966
:10A74000334416B1934202D903E0934201D201226D
:10A7500000E00022624402F1200C9206DC0C42EA86
:10A76000443200EE102A5B03DFED210AF8EEC01A36
:10A7700000EE103A4FEA9C1C11F0004FB8EE400A70
:10A78000C0F800C020EE201A00EE105ADFED190AC2
:10A79000B8EE400A20EE200A71EE810A70EE800ABF
:10A7A00010EE902A02F500626FF30B0200EE902A81
:10A7B00070EEE11A31EEC11ADFED101A30EE411AD7
:10A7C0009FED0D0A20EE800A01EE210A9FED0C1A82
:10A7D00000EE810A04BFBDE8F0017047CCF1805162
:10A7E0000160BDE8F001B1EE400A7047640200006C
:10A7F000000000360000802C22AAFD29DB0FC92FA3
:10A800000000C92F30380A2801D2012070470020EB
:10A810007047000010B500290AD00878002807D03A
:10A8200005487844F6F7B4FA002801D0002010BD9E
:10A830000248784410BD00004E420000464200002D
:10A840000808A0F500114FEA3101704743004FEAB4
:10A85000D30C4FEA3C0C43401FBF40070CF1605142
:10A8600013F0FE4F70471CF0006F03D10CF0004155
:10A87000002070470CF0004343EA507040EACC00DF
:10A8800010B500F00EF800BF000000924FEA000182
:10A89000FFF7D6BF4FF00041A1F500214FF00000B7
:10A8A00070470EF1020E2EF0030E5EF8044B2442A8
:10A8B00004D44FEA4102B2F17F4F11D84FEA40036E
:10A8C000B3F17F4F0CD80ED14FEAD07C0CEB4C0C7F
:10A8D0000CF1020CB2F17F4F08BF4CEBD17C04E0CD
:10A8E0004FF0080C01E04FEAD17C0CEB4C0324FA4A
:10A8F00003F404F00704B4F1040C06D20EEB840C4C
:10A90000BDE810404CF0010C6047DFE80CF0070890
:10A9100002024FF00040A0F5800010BD0846420042
:10A9200018BFD2F1807288BF00F0004010BDF1EE78
:10A93000100A4FF6FF71C0F2C03120EA010040F06A
:10A940004070E1EE100A7047F5F79ABF0000000072
:10A950006E83F9A22915444ED15727FCC0DD34F58A
:10A96000999562DB4190433CAB6351FE024000008D
:10A97000000000A00000000005400000000000C82A
:10A98000000000000C4000000000409C000000009F
:10A99000194000000020BCBE000000003440000050
:10A9A000BFC91B8E00000004B5400000504BCFD043
:10A9B0006607E2CF010000006C4100003E8251AA10
:10A9C000DFEEA73401000000D9420000DCB5A0E2B0
:10A9D0003A301F97FFFFFFFFB4450000FD25A0C8D8
:10A9E000E9A3C14FFFFFFFFFFF3F00000000008011
:10A9F00000000000FF3F0000000000800000000099
:10AA0000000000000000000001020304060708091E
:10AA1000000000000102030400000000000000002C
:10AA20000000000000000000000000000000000026
:10AA30000000000000000000000000000000000016
:10AA40000000000000000000000080018001800183
:10AA500080018001800180018001800180018001EE
:10AA600080018001000000008001800100000000E2
:10AA7000000000000000000000000000CC00CC003E
:10AA8000CC00CC00CC00CC00000000000000000096
:10AA900000000000000000000000000000000000B6
:10AAA00000000000000000000000000000000000A6
:10AAB00000000000600C600C600C30063006FE1FC9
:10AAC000FE1F300638071803FE1FFE1F1803180369
:10AAD0008C018C018C01000000008000E003F80F65
:10AAE0009C0E8C1C8C188C009800F801E007800EDE
:10AAF000801C8C188C189C18B80CF00FE003800098
:10AB000080000000000000000000000000000E189F
:10AB10001B0C110C11061106110311039B018E0170
:10AB2000C038C06C60446044304430441844186CF1
:10AB30000C380000000000000000E001F0033807BE
:10AB4000180618063003F001F000F8009C310E33AF
:10AB5000061E061C061C063FFC73F02100000000C8
:10AB60000000000000000000000000000C000C00CD
:10AB70000C000C000C000C000000000000000000A5
:10AB800000000000000000000000000000000000C5
:10AB9000000000000000000000000002000380012F
:10ABA000C000C000600060003000300030003000A5
:10ABB000300030003000300060006000C000C00095
:10ABC0008001000300020000000020006000C000BF
:10ABD0008001800100030003000600060006000655
:10ABE0000006000600060006000300038001800145
:10ABF000C000600020000000000000000000000015
:10AC000000000000C000C000D806F807E0013003D3
:10AC100038070000000000000000000000000000F5
:10AC20000000000000000000000000000000000024
:10AC30000000000080018001800180018001FC3F54
:10AC4000FC3F800180018001800180010000000044
:10AC500000000000000000000000000000000000F4
:10AC600000000000000000000000000000000000E4
:10AC700000000000000000000000800180010001D1
:10AC80000001800000000000000000000000000043
:10AC900000000000000000000000000000000000B4
:10ACA000E007E007000000000000000000000000D6
:10ACB0000000000000000000000000000000000094
:10ACC0000000000000000000000000000000000084
:10ACD00000000000000000000000C000C0000000F4
:10ACE00000000000000000000000000C000C000646
:10ACF00000060006000300030003800380018001BA
:10AD00008001C000C000C0006000600000000000C2
:10AD100000000000000000000000E003F007380E13
:10AD2000180C0C180C180C180C180C180C180C1803
:10AD30000C180C18180C380EF007E0030000000087
:10AD40000000000000000000000000018001C001C0
:10AD5000F00198018801800180018001800180015B
:10AD600080018001800180018001800100000000DD
:10AD700000000000000000000000E003F80F180CC5
:10AD80000C180C1800180018000C000600038001B5
:10AD9000C000600030001800FC1FFC1F0000000015
:10ADA00000000000000000000000E001F807180E9D
:10ADB0000C0C0C0C000C0006C003C007000C0018A3
:10ADC00000180C180C18180CF807E003000000001D
:10ADD00000000000000000000000000C000E000F4A
:10ADE000000F800DC00C600C600C300C180C0C0CAB
:10ADF000FC3FFC3F000C000C000C000C00000000AD
:10AE000000000000000000000000F80FF80F18001C
:10AE100018000C00EC03FC071C0E001C00180018A6
:10AE200000180C181C0C180EF807E00300000000B6
:10AE300000000000000000000000C007F00F381CF8
:10AE4000181818000C00CC03EC0F3C0E1C1C0C183E
:10AE50000C180C18181C380EF007E0030000000056
:10AE600000000000000000000000FC1FFC1F000CA0
:10AE700000060006000380038001C001C000E0005E
:10AE80006000600070003000300030000000000002
:10AE900000000000000000000000E003F007380E92
:10AEA000180C180C180C3806F007F007180C0C18C2
:10AEB0000C180C180C18380CF80FE00300000000F8
:10AEC00000000000000000000000E003F007380E62
:10AED0001C0C0C180C180C181C1C381EF81BE01944
:10AEE0000018000C000C1C0EF807F0010000000018
:10AEF0000000000000000000000000000000000052
:10AF0000000000008001800100000000000000003F
:10AF1000000000000000000080018001000000002F
:10AF20000000000000000000000000000000000021
:10AF3000000000008001800100000000000000000F
:10AF400000000000000000008001800100010001FD
:10AF50008000000000000000000000000000000071
:10AF600000000000000000000010001C800FE00343
:10AF7000F8001800F800E003800F001C001000002B
:10AF800000000000000000000000000000000000C1
:10AF90000000000000000000F81F0000000000009A
:10AFA000F81F00000000000000000000000000008A
:10AFB0000000000000000000000000000000000091
:10AFC000000000000000000008003800F001C00789
:10AFD000001F0018001FC007F00138000800000023
:10AFE00000000000000000000000E003F80F180C53
:10AFF0000C180C180018000C000600038001C0009B
:10B00000C000C00000000000C000C0000000000040
:10B01000000000000000000000000000E007181819
:10B020000420C229224A114409440944094409223E
:10B030001113E20C024004201818E0070000000081
:10B040000000000000000000000080038003C00634
:10B05000C006C006600C600C301830183018F83F7D
:10B06000F83F1C700C600C6006C006C000000000B9
:10B0700000000000000000000000FC03FC0F0C0CAE
:10B080000C180C180C180C0CFC07FC0F0C180C30CE
:10B090000C300C300C300C18FC1FFC0700000000BA
:10B0A00000000000000000000000C007F01F38385A
:10B0B0001C300C7006600600060006000600060044
:10B0C000060006600C701C30F01FE0070000000056
:10B0D00000000000000000000000FE03FE0F060E4E
:10B0E00006180618063006300630063006300630E0
:10B0F000063006180618060EFE0FFE0300000000BC
:10B1000000000000000000000000FC3FFC3F0C00BD
:10B110000C000C000C000C00FC1FFC1F0C000C00B1
:10B120000C000C000C000C00FC3FFC3F0000000079
:10B1300000000000000000000000F83FF83F180089
:10B140001800180018001800F81FF81F1800180041
:10B15000180018001800180018001800000000005F
:10B1600000000000000000000000E00FF83F3C7805
:10B170000E6006E007C00300030003FE03FE03C0E9
:10B1800007C006C00EC03CF0F83FE00F0000000012
:10B19000000000000000000000000C300C300C30FB
:10B1A0000C300C300C300C30FC3FFC3F0C300C30C1
:10B1B0000C300C300C300C300C300C300000000027
:10B1C00000000000000000000000800180018001FC
:10B1D0008001800180018001800180018001800167
:10B1E0008001800180018001800180010000000059
:10B1F000000000000000000000000006000600063D
:10B20000000600060006000600060006000600060E
:10B210000006180618063807F003E00100000000D9
:10B220000000000000000000000006300618060CB8
:10B23000060606038601C60066007600DE008E0163
:10B2400006030606060C061806300660000000001D
:10B2500000000000000000000000180018001800A6
:10B26000180018001800180018001800180018001E
:10B270001800180018001800F81FF81F0000000040
:10B28000000000000000000000000EE01EF01EF0B4
:10B290001EF036D836D836D836D866CC66CC66CCD2
:10B2A000C6C6C6C6C6C6C6C686C386C300000000DC
:10B2B000000000000000000000000C301C303C309A
:10B2C0003C306C306C30CC30CC308C310C330C33A7
:10B2D0000C360C360C3C0C3C0C380C3000000000DA
:10B2E00000000000000000000000E007F81F1C380C
:10B2F0000E70066003C003C003C003C003C003C0D8
:10B3000003C006600E701C38F81FE0070000000044
:10B3100000000000000000000000FC0FFC1F0C38C3
:10B320000C300C300C300C300C18FC1FFC070C00DF
:10B330000C000C000C000C000C000C0000000000C5
:10B3400000000000000000000000E007F81F1C38AB
:10B350000E70066003E003C003C003C003C003C057
:10B3600007E006630E3F1C3CF83FE0F700C000001A
:10B3700000000000000000000000FE0FFE1F063865
:10B380000630063006300638FE1FFE0706030606A6
:10B39000060C06180618063006300660000000008D
:10B3A00000000000000000000000E003F80F1C0C8B
:10B3B0000C180C180C001C00F803E00F001E0038DD
:10B3C000063006300E301C1CF80FE00700000000AD
:10B3D00000000000000000000000FE7FFE7F8001F2
:10B3E0008001800180018001800180018001800155
:10B3F0008001800180018001800180010000000047
:10B40000000000000000000000000C300C300C3088
:10B410000C300C300C300C300C300C300C300C304C
:10B420000C300C300C301818F81FE007000000003A
:10B43000000000000000000000000360063006303D
:10B4400006300C180C180C18180C180C380E300696
:10B450003006700760036003C001C00100000000F7
:10B46000000000000000000000000360C361C36131
:10B47000C3616633663366336633663366336C1B8B
:10B480006C1B6C1B2C1A3C1E380E380E0000000082
:10B49000000000000000000000000FE00C701830F9
:10B4A0003018700C600EC00780038003C003E006F4
:10B4B000700C301C18180C300E6007E00000000003
:10B4C0000000000000000000000003C006600C3017
:10B4D0001C383818300C6006E007C003800180017A
:10B4E0008001800180018001800180010000000056
:10B4F00000000000000000000000FC7FFC7F0060F6
:10B5000000300018000C000600038001C00060003D
:10B51000300018000C000600FE7FFE7F00000000D7
:10B5200000000000000000000000E003E0036000F5
:10B53000600060006000600060006000600060000B
:10B5400060006000600060006000600060006000FB
:10B550006000E003E0030000000030003000600005
:10B5600060006000C000C000C000C0018001800118
:10B570008001000300030003000600060000000035
:10B5800000000000000000000000E003E0030003F2
:10B590000003000300030003000300030003000393
:10B5A0000003000300030003000300030003000383
:10B5B0000003E003E003000000000000C001C00140
:10B5C00060036003600330063006180C180C00009E
:10B5D000000000000000000000000000000000006B
:10B5E000000000000000000000000000000000005B
:10B5F000000000000000000000000000000000004B
:10B6000000000000000000000000FFFFFFFF00003E
:10B61000000000000000000000000C000C000C0006
:10B620000C000C000C0000000000000000000000F6
:10B63000000000000000000000000000000000000A
:10B6400000000000000000000000000000000000FA
:10B6500000000000F003F8071C0C0C0C000FF00FAA
:10B66000F80C0C0C0C0C1C0FF80FF018000000006C
:10B670000000000000000000000018001800180082
:10B6800018001800D803F80F380C181818181818D4
:10B69000181818181818380CF80FD80300000000F4
:10B6A000000000000000000000000000000000009A
:10B6B00000000000C003F007300E180C180018003E
:10B6C00018001800180C300EF007C003000000002E
:10B6D0000000000000000000000000180018001822
:10B6E00000180018C01BF01F301C18181818181864
:10B6F000181818181818301CF01FC01B0000000084
:10B700000000000000000000000000000000000039
:10B7100000000000C003F00F300C1818F81FF81FCD
:10B72000180018003818301CF00FC0070000000087
:10B7300000000000000000000000800FC00FC000EB
:10B74000C000C000F007F007C000C000C000C0008B
:10B75000C000C000C000C000C000C0000000000069
:10B7600000000000000000000000000000000000D9
:10B7700000000000E00DF80F180E0C0C0C0C0C0C67
:10B780000C0C0C0C0C0C180EF80FE00D000C0C0C33
:10B790001C06F807F001000000001800180018004F
:10B7A00018001800D807F80F381C1818181818189F
:10B7B0001818181818181818181818180000000069
:10B7C00000000000000000000000C000C0000000F9
:10B7D00000000000C000C000C000C000C000C000E9
:10B7E000C000C000C000C000C000C00000000000D9
:10B7F00000000000000000000000C000C0000000C9
:10B8000000000000C000C000C000C000C000C000B8
:10B81000C000C000C000C000C000C000C000C00028
:10B82000C000F8007800000000000C000C000C00C4
:10B830000C000C000C0C0C060C038C01CC006C00F2
:10B84000FC009C018C030C030C060C0C0000000097
:10B8500000000000000000000000C000C000C000A8
:10B86000C000C000C000C000C000C000C000C000D8
:10B87000C000C000C000C000C000C0000000000048
:10B8800000000000000000000000000000000000B8
:10B89000000000007C3CFF7EC7E383C183C183C1FD
:10B8A00083C183C183C183C183C183C10000000000
:10B8B0000000000000000000000000000000000088
:10B8C000000000009807F80F381C181818181818EE
:10B8D0001818181818181818181818180000000048
:10B8E0000000000000000000000000000000000058
:10B8F00000000000C003F00F300C181818181818BA
:10B90000181818181818300CF00FC00300000000A9
:10B910000000000000000000000000000000000027
:10B9200000000000D803F80F380C18181818181861
:10B93000181818181818380CF80FD8031800180021
:10B9400018001800180000000000000000000000AF
:10B9500000000000C01BF01F301C18181818181821
:10B96000181818181818301CF01FC01B00180018E1
:10B97000001800180018000000000000000000007F
:10B9800000000000B007F00370003000300030000D
:10B990003000300030003000300030000000000087
:10B9A0000000000000000000000000000000000097
:10B9B00000000000E003F003380E180C3800F0031C
:10B9C000C007000C180C380EF007E0030000000060
:10B9D0000000000000000000000000008000C00027
:10B9E000C000C000F007F007C000C000C000C000E9
:10B9F000C000C000C000C000C007800700000000F9
:10BA00000000000000000000000000000000000036
:10BA10000000000018181818181818181818181806
:10BA2000181818181818381CF01FE019000000002A
:10BA30000000000000000000000000000000000006
:10BA4000000000000C18180C180C180C30063006FA
:10BA50003006600360036003C001C0010000000005
:10BA600000000000000000000000000000000000D6
:10BA700000000000C141C141C3616363636363634C
:10BA80003636363636361C1C1C1C1C1C00000000CA
:10BA900000000000000000000000000000000000A6
:10BAA000000000001C38381C300C60066003600386
:10BAB000600360036006300C381C1C380000000076
:10BAC0000000000000000000000000000000000076
:10BAD000000000001830301830187018600C600C2E
:10BAE000E00CC006C0068003800380038001800153
:10BAF000C001F00070000000000000000000000025
:10BB000000000000FC1FFC1F000C00060003800169
:10BB1000C000600030001800FC1FFC1F0000000087
:10BB20000000000000000000000000038001C000D1
:10BB3000C000C000C000C000C00060006000300055
:10BB400060004000C000C000C000C000C000C000D5
:10BB500080010003000000000000800180018001DE
:10BB600080018001800180018001800180018001CD
:10BB700080018001800180018001800180018001BD
:10BB8000800180018001000000006000C000C00151
:10BB90008001800180018001800100030003000614
:10BBA000000300018001800180018001800180018B
:10BBB000C000600000000000000000000000000065
:10BBC0000000000000000000F010F81F080F000047
:10BBD0000000000000000000000000000000000065
:10BBE0000000000000000000010002000400060048
:10BBF00008000A000C001000200040008000000136
:10BC000008000010100000021800001220000004BC
:10BC1000280000143000000638000016400000081C
:10BC2000480000185000000A5800001A6000000C7C
:10BC30006800001C7000000E7800001E80000008E4
:10BC4000880040109000400298004012A00040047C
:10BC5000A8004014B0004006B8004016C0004008DC
:10BC6000C8004018D000400AD800401AE000400C3C
:10BC7000E800401CF000400EF800401E00010008E3
:10BC80000801801010018002180180122001800438
:10BC90002801801430018006380180164001800898
:10BCA000480180185001800A5801801A6001800CF8
:10BCB0006801801C7001800E7801801E80014008A0
:10BCC0008801C0109001C0029801C012A001C004F8
:10BCD000A801C014B001C006B801C016C001C00858
:10BCE000C801C018D001C00AD801C01AE001C00CB8
:10BCF000E801C01CF001C00EF801C01E00020008DF
:10BD000008020011100200031802001320020005AF
:10BD1000280200153002000738020017400200090F
:10BD2000480200195002000B5802001B6002000D6F
:10BD30006802001D7002000F7802001F8002800858
:10BD4000880240119002400398024013A00240056F
:10BD5000A8024015B0024007B8024017C0024009CF
:10BD6000C8024019D002400BD802401BE002400D2F
:10BD7000E802401DF002400FF802401F0003400897
:10BD8000080380111003800318038013200380052B
:10BD9000280380153003800738038017400380098B
:10BDA000480380195003800B5803801B6003800DEB
:10BDB0006803801D7003800F7803801F8003C00814
:10BDC0008803C0119003C0039803C013A003C005EB
:10BDD000A803C015B003C007B803C017C003C0094B
:10BDE000C803C019D003C00BD803C01BE003C00DAB
:10BDF000E803C01DF003C00FF803C01F00040010CB
:10BE00000804081010040011180408122004081077
:10BE100028040814300408063804081640040808EA
:10BE2000480408185004080A5804081A6004080C4A
:10BE30006804081C7004080E7804081E80040018AA
:10BE4000880448109004001998044812A0040818A7
:10BE5000A8044814B0044806B8044816C0044808AA
:10BE6000C8044818D004480AD804481AE004480C0A
:10BE7000E804481CF004480EF804481E0005401071
:10BE80000805881010054011180588122005481073
:10BE90002805881430058806380588164005880866
:10BEA000480588185005880A5805881A6005880CC6
:10BEB0006805881C7005880E7805881E8005401866
:10BEC0008805C810900540199805C812A0054818A3
:10BED000A805C814B005C806B805C816C005C80826
:10BEE000C805C818D005C80AD805C81AE005C80C86
:10BEF000E805C81CF005C80EF805C81E000680102D
:10BF0000080608111006801118060813200688106C
:10BF100028060815300608073806081740060809DD
:10BF2000480608195006080B5806081B6006080D3D
:10BF30006806081D7006080F7806081F800680181E
:10BF4000880648119006801998064813A00688189C
:10BF5000A8064815B0064807B8064817C00648099D
:10BF6000C8064819D006480BD806481BE006480DFD
:10BF7000E806481DF006480FF806481F0007C010E5
:10BF8000080788111007C011180788132007C81068
:10BF90002807881530078807380788174007880959
:10BFA000480788195007880B5807881B6007880DB9
:10BFB0006807881D7007880F7807881F8007C018DA
:10BFC0008807C8119007C0199807C813A007C81898
:10BFD000A807C815B007C807B807C817C007C80919
:10BFE000C807C819D007C80BD807C81BE007C80D79
:10BFF000E807C81DF007C80FF807C81F0808101089
:10C000001008400818081012200800112808101401
:10C010003008801138081016480810185008100A07
:10C020005808101A6008100C6808101C7008100ED0
:10C030007808101E8008000A880850109008000B2D
:10C0400098085012A008080AA8085014B008080B55
:10C05000B8085016C008100AC8085018D008500A6E
:10C06000D808501AE008500CE808501CF008500E90
:10C07000F808501E0809901010098009180990123C
:10C0800020090019280990143009801938099016E0
:10C090004009000B480990185009900A5809901A55
:10C0A0006009900C6809901C7009900E7809901E28
:10C0B0008009400A8809D0109009400B9809D012D5
:10C0C000A009480AA809D014B009480BB809D0162D
:10C0D000C009500AC809D018D009D00AD809D01A06
:10C0E000E009D00CE809D01CF009D00EF809D01EE8
:10C0F000080A1011180A1013200A4011280A1015F6
:10C10000300AC011380A1017480A1019500A100BCB
:10C11000580A101B600A100D680A101D700A100FD3
:10C12000780A101F880A5011900A800B980A501341
:10C13000A00A5011A80A5015B00A880BB80A501767
:10C14000C00A800BC80A5019D00A500BD80A501BDD
:10C15000E00A500DE80A501DF00A500FF80A501F6F
:10C16000080B9011180B9013200B4019280B9015F9
:10C17000300BC019380B9017480B9019500B900BCF
:10C18000580B901B600B900D680B901D700B900F5F
:10C19000780B901F880BD011900BC00B980BD0130D
:10C1A000A00B5019A80BD015B00BC80BB80BD017AB
:10C1B000C80BD019D80BD01BE00BD00DE80BD01D4D
:10C1C000F00BD00FF80BD01F000C0012080C181049
:10C1D000100C0013180C1812200C0812280C18143C
:10C1E000300C0813380C1816400C1012480C181894
:10C1F000500C1013580C181A600C1812680C181CEC
:10C20000700C180E780C181E800C001A880C581030
:10C21000900C001B980C5812A00C081AA80C58146B
:10C22000B00C081BB80C5816C00C101AC80C5818C3
:10C23000D00C101BD80C581AE00C181AE80C581C1B
:10C24000F00C580EF80C581E000D4012080D9810F6
:10C25000100D4013180D9812200D4812280D981437
:10C26000300D4813380D9816400D5012480D98188F
:10C27000500D5013580D981A600D5812680D981CE7
:10C28000700D980E780D981E800D401A880DD810EC
:10C29000900D401B980DD812A00D481AA80DD81467
:10C2A000B00D481BB80DD816C00D501AC80DD818BF
:10C2B000D00D501BD80DD81AE00D581AE80DD81C17
:10C2C000F00DD80EF80DD81E000E8012080E1811B1
:10C2D000100E8013180E1813200E8812280E181531
:10C2E000300E8813380E1817400E9012480E181989
:10C2F000500E9013580E181B600E9812680E181DE1
:10C30000700E180F780E181F800E801A880E5811A4
:10C31000900E801B980E5813A00E881AA80E581560
:10C32000B00E881BB80E5817C00E901AC80E5819B8
:10C33000D00E901BD80E581BE00E981AE80E581D10
:10C34000F00E580FF80E581F000FC012080F98116A
:10C35000100FC013180F9813200FC812280F98152C
:10C36000300FC813380F9817400FD012480F981984
:10C37000500FD013580F981B600FD812680F981DDC
:10C38000700F980F780F981F800FC01A880FD81160
:10C39000900FC01B980FD813A00FC81AA80FD8155C
:10C3A000B00FC81BB80FD817C00FD01AC80FD819B4
:10C3B000D00FD01BD80FD81BE00FD81AE80FD81D0C
:10C3C000F00FD81BF80FD81F0810201010104010C5
:10C3D0001810201228102014301088103810201641
:10C3E0004010001148102018501040115810201A09
:10C3F000601008126810201C701088127810201E1F
:10C4000080100012881008129010401298106012CC
:10C41000A0102012A8106014B0106012B81060169E
:10C42000C0100013C8106018D0104013D810601A44
:10C43000E0101812E810601CF0109812F810601E3E
:10C4400008112012101140111811A0122011081803
:10C450002811A014301188183811A0164811A018FE
:10C460005811A01A6011081A6811A01C7011881ABE
:10C470007811A01E801110128811181290115012FC
:10C480009811E012A0111818A811E014B011981812
:10C49000B811E016C0111013C811E018D0115013D4
:10C4A000D811E01AE011181AE811E01CF011981ADE
:10C4B000F811E01E00120018081208181012401897
:10C4C000181220132012201828122015301260187C
:10C4D0003812201740120019481220195012401922
:10C4E0005812201B601220196812201D7012C812E9
:10C4F0007812201F8012001A8812081A9012401A0F
:10C5000098126013A012201AA8126015B012601AB7
:10C51000B8126017C012001BC8126019D012401B5D
:10C52000D812601BE012201BE812601DF012601B85
:10C53000F812601F00131018081318181013501861
:10C540001813A013201348182813A0153013C81867
:10C550003813A017401310194813A019501350197D
:10C560005813A01B6013481A6813A01D7013C81A33
:10C570007813A01F8013101A8813181A9013501ADA
:10C580009813E013A0135818A813E015B013D81887
:10C59000B813E017C013101BC813E019D013501BB9
:10C5A000D813E01BE013581AE813E01DF013D81A53
:10C5B000F813E01F08142014101400151814201587
:10C5C000301408153814281640140015481428187B
:10C5D000501410155814281A601420156814281CBB
:10C5E000701418157814281E8014001C8814201C40
:10C5F0009014001D9814201DA014081CA814281CB9
:10C60000B014081DB8146816C014101CC81468189B
:10C61000D014101DD814681AE014181CE814681CF3
:10C62000F014181DF814681E081520151015401573
:10C6300018156015201528182815281C30154815C0
:10C640003815A8164815A8185815A81A6015281ADC
:10C650006815A81C7015A81A7815A81E8015401C0E
:10C660008815601C9015401D9815601DA015481C6C
:10C67000A815681CB015481DB815E816C015501C43
:10C68000C815E818D015501DD815E81AE015581C23
:10C69000E815E81CF015581DF815E81E0016001CDA
:10C6A0000816081C1016401C1816481C2016201CC2
:10C6B0002816281C3016601C381628174016001D36
:10C6C000481628195016401D5816281B6016201DA4
:10C6D0006816281D7016601D7816281F8016801C8D
:10C6E0008816A01C9016801D9816A01DA016881CE8
:10C6F000A816A81CB016881DB8166817C016901C7E
:10C70000C8166819D016901DD816681BE016981C1C
:10C71000E816681DF016981DF816681F0017101C03
:10C720000817181C1017501C1817581C20176818C9
:10C730002817681C3017E8183817A8174017101D5D
:10C740004817A8195017501D5817A81B6017681ACA
:10C750006817A81D7017E81A7817A81F8017C01C43
:10C760008817E01C9017C01D9817E01DA017C81C63
:10C77000A817E81CB017C81DB817E817C017D01CB9
:10C78000C817E819D017D01DD817E81BE017D81C18
:10C79000E817E81DF017D81DF817E81F18186018DB
:10C7A000301848183818601C5818301A6818301C8F
:10C7B0007018181A7818301E8018001A8818081A6D
:10C7C0009018001B98186019A018201AA818281A89
:10C7D000B018201BB818601DC018101AC818181AF5
:10C7E000D018101BD818701AE018301AE818701CEE
:10C7F000F018581AF818701E081920191819601A1C
:10C800002819081D301988193819881D4819201B46
:10C810005819B01A6019081B6819B01C7019881BC8
:10C820007819B01E8019401A8819481A9019401BAF
:10C830009819601BA019601AA819181DB019601B5F
:10C84000B819981DC019501AC819581AD019501B78
:10C85000D819F01AE019181BE819F01CF019981BE8
:10C86000F819F01E381A701C581A301B681A301D3F
:10C87000701A181B781A301F901AC01A981AC81A02
:10C88000B01AE01AB81AE81AC01A801BC81A881B16
:10C89000D01AC01BD81A701BE01AA01BE81A701D12
:10C8A000F01AE01BF81A701F281B481D381BC81D02
:10C8B000481B601B581BB01B681BB01D701BC81B9E
:10C8C000781BB01F901BC01B981BC81BA81B581DB2
:10C8D000B01BE01BB81BD81DD81BF01BE81BF01DBC
:10C8E000F81BF01F081C201C181C301C381C681C6E
:10C8F000481C601C581C701C781C381E801C001EB4
:10C90000881C201E901C001F981C201FA01C081EA5
:10C91000A81C281EB01C081FB81C281FC01C101EF5
:10C92000C81C301ED01C101FD81C301FE01C181E45
:10C93000E81C381EF01C181FF81C781E081D201D4E
:10C94000181D301D381DA81D481D601D581D701D67
:10C95000681D281F781DB81E801D401E881D601E82
:10C96000901D401F981D601FA01D481EA81D681E19
:10C97000B01D481FB81D681FC01D501EC81D701E69
:10C98000D01D501FD81D701FE01D581EE81D781EB9
:10C99000F01D581FF81DF81E081E201E181E301E00
:10C9A000481E601E581E701E781E381F881EA01E4E
:10C9B000901E801F981EA01FB01E881FB81EA81FA3
:10C9C000C01E801FC81E881FD01E901FD81EB01FFB
:10C9D000E01EA01FE81EA81FF01E981FF81E781F5B
:10C9E000081F201F181F301F481F601F581F701F6F
:10C9F000781FB81F881FA01F901FC01F981FE01F1F
:10CA0000B01FC81FB81FE81FC81FE01FD81FF01FA6
:10CA10000004000050CA000800BC0008080700001D
:10CA200000000000040000000200000008000000F8
:10CA300001010103070100000804020408010101CB
:10CA400025642C25642C25642C25660A0000000032
:10CA50000000803F00000000C4FE7F3F890FC93BFB
:10CA600011FB7F3F900E493CE6F47F3FB6C9963CF0
:10CA700043EC7F3FB00AC93C29E17F3FB949FB3C09
:10CA800098D37F3F2CC3163D8FC37F3F07E02F3DD8
:10CA90000FB17F3F2FFB483D189C7F3F6814623DDC
:10CAA000AB847F3F742B7B3DC76A7F3F0A208A3D62
:10CAB0006D4E7F3F05A9963D9D2F7F3F8C30A33D56
:10CAC000580E7F3F80B6AF3D9DEA7E3FC33ABC3DE6
:10CAD0006DC47E3F36BDC83DC99B7E3FB93DD53D47
:10CAE000B0707E3F2EBCE13D23437E3F7638EE3D65
:10CAF00024137E3F73B2FA3DB1E07D3F0295033EC1
:10CB0000CCAB7D3F86CF093E74747D3FB708103EA5
:10CB1000AC3A7D3F8340163E73FE7C3FDE761C3E82
:10CB2000C9BF7C3FB6AB223EB07E7C3FFCDE283ED8
:10CB3000283B7C3FA2102F3E31F57B3F9840353E8D
:10CB4000CDAC7B3FCF6E3B3EFC617B3F379B413E94
:10CB5000BE147B3FC2C5473E16C57A3F60EE4D3ED0
:10CB600002737A3F0115543E841E7A3F97395A3E2C
:10CB70009DC7793F135C603E4E6E793F667C663E92
:10CB80009812793F7F9A6C3E7BB4783F51B6723EE3
:10CB9000F853783FCCCF783E10F1773FE1E67E3E08
:10CBA000C58B773FC07D823E1724773FCE86853E7A
:10CBB00007BA763F938E883E974D763F07958B3E1A
:10CBC000C6DE753F229A8E3E976D753FDD9D913E84
:10CBD0000BFA743F31A0943E2284743F17A1973E14
:10CBE000DD0B743F86A09A3E3F91733F789E9D3E39
:10CBF0004714733FE59AA03EF894723FC595A33E53
:10CC00005213723F128FA63E578F713FC486A93EC2
:10CC10000809713FD47CAC3E6680703F3A71AF3EEC
:10CC200073F56F3FEF63B23E30686F3FEC54B53E33
:10CC30009ED86E3F2A44B83EBE466E3FA031BB3EF2
:10CC400093B26D3F4A1DBE3E1D1C6D3F1E07C13E87
:10CC50005E836C3F15EFC33E58E86B3F29D5C63E57
:10CC60000C4B6B3F53B9C93E7BAB6A3F8B9BCC3EB1
:10CC7000A7096A3FCA7BCF3E9165693F095AD23EF8
:10CC80003CBF683F4136D53EA816683F6B10D83E82
:10CC9000D86B673F80E8DA3ECCBE663F79BEDD3EAA
:10CCA000880F663F4F92E03E0B5E653FFA63E33EBE
:10CCB00059AA643F7533E63E73F4633FB700E93E1B
:10CCC0005A3C633FBBCBEB3E1082623F7994EE3E11
:10CCD00098C5613FEA5AF13EF206613F071FF43EF4
:10CCE0002146603FCBE0F63E27835F3F2DA0F93E13
:10CCF00005BE5E3F275DFC3EBEF65D3FB217FF3EC0
:10CD0000532D5D3FE4E7003FC7615C3FB142023F06
:10CD10001A945B3F3D9C033F50C45A3F84F4043F48
:10CD20006AF2593F824B063F6A1E593F36A1073FC0
:10CD30005348583F9BF5083F2670573FAD480A3F80
:10CD4000E595563F6B9A0B3F93B9553FD0EA0C3FA0
:10CD500031DB543FDA390E3FC3FA533F84870F3F2C
:10CD60004918533FCDD3103FC633523FB01E123F38
:10CD70003D4D513F2A68133FAF64503F39B0143FD7
:10CD80001F7A4F3FD9F6153F908D4E3F073C173F16
:10CD9000029F4D3FC07F183F79AE4C3F00C2193F04
:10CDA000F8BB4B3FC6021B3F7FC74A3F0C421C3FAC
:10CDB00012D1493FD17F1D3FB3D8483F12BC1E3F1F
:10CDC00065DE473FCBF61F3F2AE2463FF92F213F62
:10CDD00003E4453F9967223FF5E3443FA99D233F84
:10CDE00000E2433F25D2243F29DE423F0A05263F89
:10CDF00070D8413F5636273FDAD0403F0566283F7E
:10CE000067C73F3F1594293F1BBC3E3F82C02A3F66
:10CE1000F9AE3D3F4AEB2B3F03A03C3F69142D3F49
:10CE20003B8F3B3FDE3B2E3FA47C3A3FA5612F3F2B
:10CE30004268393FBB85303F1652383F1DA8313F0D
:10CE4000233A373FC9C8323F6C20363FBCE7333FF7
:10CE5000F304353FF304353FBCE7333F6C20363FE6
:10CE6000C9C8323F233A373F1DA8313F1652383FD9
:10CE7000BB85303F4268393FA5612F3FA47C3A3FD4
:10CE8000DE3B2E3F3B8F3B3F69142D3F03A03C3FD1
:10CE90004AEB2B3FF9AE3D3F82C02A3F1BBC3E3FD1
:10CEA0001594293F67C73F3F0566283FDAD0403FCA
:10CEB0005636273F70D8413F0A05263F29DE423FBC
:10CEC00025D2243F00E2433FA99D233FF5E3443FA1
:10CED0009967223F03E4453FF92F213F2AE2463F6D
:10CEE000CBF61F3F65DE473F12BC1E3FB3D8483F1D
:10CEF000D17F1D3F12D1493F0C421C3F7FC74A3FA3
:10CF0000C6021B3FF8BB4B3F00C2193F79AE4C3FF6
:10CF1000C07F183F029F4D3F073C173F908D4E3F0B
:10CF2000D9F6153F1F7A4F3F39B0143FAF64503FD9
:10CF30002A68133F3D4D513FB01E123FC633523F4A
:10CF4000CDD3103F4918533F84870F3FC3FA533F57
:10CF5000DA390E3F31DB543FD0EA0C3F93B9553FED
:10CF60006B9A0B3FE595563FAD480A3F2670573FF9
:10CF70009BF5083F5348583F36A1073F6A1E593F6B
:10CF8000824B063F6AF2593F84F4043F50C45A3F33
:10CF90003D9C033F1A945B3FB142023FC7615C3F37
:10CFA000E4E7003F532D5D3FB217FF3EBEF65D3F05
:10CFB000275DFC3E05BE5E3F2DA0F93E27835F3F07
:10CFC000CBE0F63E2146603F071FF43EF206613F8C
:10CFD000EA5AF13E98C5613F7994EE3E1082623F75
:10CFE000BBCBEB3E5A3C633FB700E93E73F4633F73
:10CFF0007533E63E59AA643FFA63E33E0B5E653F34
:10D000004F92E03E880F663F79BEDD3ECCBE663F64
:10D0100080E8DA3ED86B673F6B10D83EA816683FB1
:10D020004136D53E3CBF683F095AD23E9165693FC3
:10D03000CA7BCF3EA7096A3F8B9BCC3E7BAB6A3F46
:10D0400053B9C93E0C4B6B3F29D5C63E58E86B3FE0
:10D0500015EFC33E5E836C3F1E07C13E1D1C6D3F36
:10D060004A1DBE3E93B26D3FA031BB3EBE466E3FF1
:10D070002A44B83E9ED86E3FEC54B53E30686F3FB0
:10D08000EF63B23E73F56F3F3A71AF3E6680703F1B
:10D09000D47CAC3E0809713FC486A93E578F713FCE
:10D0A000128FA63E5213723FC595A33EF894723F6D
:10D0B000E59AA03E4714733F789E9D3E3F91733F93
:10D0C00086A09A3EDD0B743F17A1973E2284743FE1
:10D0D00031A0943E0BFA743FDD9D913E976D753FF4
:10D0E000229A8E3EC6DE753F07958B3E974D763F62
:10D0F000938E883E07BA763FCE86853E1724773FCB
:10D10000C07D823EC58B773FE1E67E3E10F1773FE2
:10D11000CCCF783EF853783F51B6723E7BB4783F1F
:10D120007F9A6C3E9812793F667C663E4E6E793FE0
:10D13000135C603E9DC7793F97395A3E841E7A3F03
:10D140000115543E02737A3F60EE4D3E16C57A3F9C
:10D15000C2C5473EBE147B3F379B413EFC617B3FCF
:10D16000CF6E3B3ECDAC7B3F9840353E31F57B3FAB
:10D17000A2102F3E283B7C3FFCDE283EB07E7C3F49
:10D18000B6AB223EC9BF7C3FDE761C3E73FE7C3FC1
:10D190008340163EAC3A7D3FB708103E74747D3F25
:10D1A00086CF093ECCAB7D3F0295033EB1E07D3F8B
:10D1B00073B2FA3D24137E3F7638EE3D23437E3F23
:10D1C0002EBCE13DB0707E3FB93DD53DC99B7E3F51
:10D1D00036BDC83D6DC47E3FC33ABC3D9DEA7E3F2F
:10D1E00080B6AF3D580E7F3F8C30A33D9D2F7F3FD3
:10D1F00005A9963D6D4E7F3F0A208A3DC76A7F3F55
:10D20000742B7B3DAB847F3F6814623D189C7F3F4D
:10D210002FFB483D0FB17F3F07E02F3D8FC37F3F7E
:10D220002CC3163D98D37F3FB949FB3C29E17F3F92
:10D23000B00AC93C43EC7F3FB6C9963CE6F47F3F59
:10D24000900E493C11FB7F3F890FC93BC4FE7F3FD5
:10D25000000000000000803F890FC9BBC4FE7F3F73
:10D26000900E49BC11FB7F3FB6C996BCE6F47F3FE8
:10D27000B00AC9BC43EC7F3FB949FBBC29E17F3F01
:10D280002CC316BD98D37F3F07E02FBD8FC37F3FD0
:10D290002FFB48BD0FB17F3F681462BD189C7F3FD4
:10D2A000742B7BBDAB847F3F0A208ABDC76A7F3F5A
:10D2B00005A996BD6D4E7F3F8C30A3BD9D2F7F3F4E
:10D2C00080B6AFBD580E7F3FC33ABCBD9DEA7E3FDE
:10D2D00036BDC8BD6DC47E3FB93DD5BDC99B7E3F3F
:10D2E0002EBCE1BDB0707E3F7638EEBD23437E3F5D
:10D2F00073B2FABD24137E3F029503BEB1E07D3FB9
:10D3000086CF09BECCAB7D3FB70810BE74747D3F9D
:10D31000834016BEAC3A7D3FDE761CBE73FE7C3F7A
:10D32000B6AB22BEC9BF7C3FFCDE28BEB07E7C3FD0
:10D33000A2102FBE283B7C3F984035BE31F57B3F85
:10D34000CF6E3BBECDAC7B3F379B41BEFC617B3F8C
:10D35000C2C547BEBE147B3F60EE4DBE16C57A3FC8
:10D36000011554BE02737A3F97395ABE841E7A3F24
:10D37000135C60BE9DC7793F667C66BE4E6E793F8A
:10D380007F9A6CBE9812793F51B672BE7BB4783FDB
:10D39000CCCF78BEF853783FE1E67EBE10F1773F00
:10D3A000C07D82BEC58B773FCE8685BE1724773F72
:10D3B000938E88BE07BA763F07958BBE974D763F12
:10D3C000229A8EBEC6DE753FDD9D91BE976D753F7C
:10D3D00031A094BE0BFA743F17A197BE2284743F0C
:10D3E00086A09ABEDD0B743F789E9DBE3F91733F31
:10D3F000E59AA0BE4714733FC595A3BEF894723F4B
:10D40000128FA6BE5213723FC486A9BE578F713FBA
:10D41000D47CACBE0809713F3A71AFBE6680703FE4
:10D42000EF63B2BE73F56F3FEC54B5BE30686F3F2B
:10D430002A44B8BE9ED86E3FA031BBBEBE466E3FEA
:10D440004A1DBEBE93B26D3F1E07C1BE1D1C6D3F7F
:10D4500015EFC3BE5E836C3F29D5C6BE58E86B3F4F
:10D4600053B9C9BE0C4B6B3F8B9BCCBE7BAB6A3FA9
:10D47000CA7BCFBEA7096A3F095AD2BE9165693FF0
:10D480004136D5BE3CBF683F6B10D8BEA816683F7A
:10D4900080E8DABED86B673F79BEDDBECCBE663FA2
:10D4A0004F92E0BE880F663FFA63E3BE0B5E653FB6
:10D4B0007533E6BE59AA643FB700E9BE73F4633F13
:10D4C000BBCBEBBE5A3C633F7994EEBE1082623F09
:10D4D000EA5AF1BE98C5613F071FF4BEF206613FEC
:10D4E000CBE0F6BE2146603F2DA0F9BE27835F3F0B
:10D4F000275DFCBE05BE5E3FB217FFBEBEF65D3FB8
:10D50000E4E700BF532D5D3FB14202BFC7615C3FFE
:10D510003D9C03BF1A945B3F84F404BF50C45A3F40
:10D52000824B06BF6AF2593F36A107BF6A1E593FB8
:10D530009BF508BF5348583FAD480ABF2670573F78
:10D540006B9A0BBFE595563FD0EA0CBF93B9553F98
:10D55000DA390EBF31DB543F84870FBFC3FA533F24
:10D56000CDD310BF4918533FB01E12BFC633523F30
:10D570002A6813BF3D4D513F39B014BFAF64503FCF
:10D58000D9F615BF1F7A4F3F073C17BF908D4E3F0E
:10D59000C07F18BF029F4D3F00C219BF79AE4C3FFC
:10D5A000C6021BBFF8BB4B3F0C421CBF7FC74A3FA4
:10D5B000D17F1DBF12D1493F12BC1EBFB3D8483F17
:10D5C000CBF61FBF65DE473FF92F21BF2AE2463F5A
:10D5D000996722BF03E4453FA99D23BFF5E3443F7C
:10D5E00025D224BF00E2433F0A0526BF29DE423F81
:10D5F000563627BF70D8413F056628BFDAD0403F76
:10D60000159429BF67C73F3F82C02ABF1BBC3E3F5E
:10D610004AEB2BBFF9AE3D3F69142DBF03A03C3F41
:10D62000DE3B2EBF3B8F3B3FA5612FBFA47C3A3F23
:10D63000BB8530BF4268393F1DA831BF1652383F05
:10D64000C9C832BF233A373FBCE733BF6C20363FEF
:10D65000F30435BFF304353F6C2036BFBCE7333FDE
:10D66000233A37BFC9C8323F165238BF1DA8313FD1
:10D67000426839BFBB85303FA47C3ABFA5612F3FCC
:10D680003B8F3BBFDE3B2E3F03A03CBF69142D3FC9
:10D69000F9AE3DBF4AEB2B3F1BBC3EBF82C02A3FC9
:10D6A00067C73FBF1594293FDAD040BF0566283FC2
:10D6B00070D841BF5636273F29DE42BF0A05263FB4
:10D6C00000E243BF25D2243FF5E344BFA99D233F99
:10D6D00003E445BF9967223F2AE246BFF92F213F65
:10D6E00065DE47BFCBF61F3FB3D848BF12BC1E3F15
:10D6F00012D149BFD17F1D3F7FC74ABF0C421C3F9B
:10D70000F8BB4BBFC6021B3F79AE4CBF00C2193FEE
:10D71000029F4DBFC07F183F908D4EBF073C173F03
:10D720001F7A4FBFD9F6153FAF6450BF39B0143FD1
:10D730003D4D51BF2A68133FC63352BFB01E123F42
:10D74000491853BFCDD3103FC3FA53BF84870F3F4F
:10D7500031DB54BFDA390E3F93B955BFD0EA0C3FE5
:10D76000E59556BF6B9A0B3F267057BFAD480A3FF1
:10D77000534858BF9BF5083F6A1E59BF36A1073F63
:10D780006AF259BF824B063F50C45ABF84F4043F2B
:10D790001A945BBF3D9C033FC7615CBFB142023F2F
:10D7A000532D5DBFE4E7003FBEF65DBFB217FF3EFD
:10D7B00005BE5EBF275DFC3E27835FBF2DA0F93EFF
:10D7C000214660BFCBE0F63EF20661BF071FF43E84
:10D7D00098C561BFEA5AF13E108262BF7994EE3E6D
:10D7E0005A3C63BFBBCBEB3E73F463BFB700E93E6B
:10D7F00059AA64BF7533E63E0B5E65BFFA63E33E2C
:10D80000880F66BF4F92E03ECCBE66BF79BEDD3E5C
:10D81000D86B67BF80E8DA3EA81668BF6B10D83EA9
:10D820003CBF68BF4136D53E916569BF095AD23EBB
:10D83000A7096ABFCA7BCF3E7BAB6ABF8B9BCC3E3E
:10D840000C4B6BBF53B9C93E58E86BBF29D5C63ED8
:10D850005E836CBF15EFC33E1D1C6DBF1E07C13E2E
:10D8600093B26DBF4A1DBE3EBE466EBFA031BB3EE9
:10D870009ED86EBF2A44B83E30686FBFEC54B53EA8
:10D8800073F56FBFEF63B23E668070BF3A71AF3E13
:10D89000080971BFD47CAC3E578F71BFC486A93EC6
:10D8A000521372BF128FA63EF89472BFC595A33E65
:10D8B000471473BFE59AA03E3F9173BF789E9D3E8B
:10D8C000DD0B74BF86A09A3E228474BF17A1973ED9
:10D8D0000BFA74BF31A0943E976D75BFDD9D913EEC
:10D8E000C6DE75BF229A8E3E974D76BF07958B3E5A
:10D8F00007BA76BF938E883E172477BFCE86853EC3
:10D90000C58B77BFC07D823E10F177BFE1E67E3EDA
:10D91000F85378BFCCCF783E7BB478BF51B6723E17
:10D92000981279BF7F9A6C3E4E6E79BF667C663ED8
:10D930009DC779BF135C603E841E7ABF97395A3EFB
:10D9400002737ABF0115543E16C57ABF60EE4D3E94
:10D95000BE147BBFC2C5473EFC617BBF379B413EC7
:10D96000CDAC7BBFCF6E3B3E31F57BBF9840353EA3
:10D97000283B7CBFA2102F3EB07E7CBFFCDE283E41
:10D98000C9BF7CBFB6AB223E73FE7CBFDE761C3EB9
:10D99000AC3A7DBF8340163E74747DBFB708103E1D
:10D9A000CCAB7DBF86CF093EB1E07DBF0295033E83
:10D9B00024137EBF73B2FA3D23437EBF7638EE3D1B
:10D9C000B0707EBF2EBCE13DC99B7EBFB93DD53D49
:10D9D0006DC47EBF36BDC83D9DEA7EBFC33ABC3D27
:10D9E000580E7FBF80B6AF3D9D2F7FBF8C30A33DCB
:10D9F0006D4E7FBF05A9963DC76A7FBF0A208A3D4D
:10DA0000AB847FBF742B7B3D189C7FBF6814623D45
:10DA10000FB17FBF2FFB483D8FC37FBF07E02F3D76
:10DA200098D37FBF2CC3163D29E17FBFB949FB3C8A
:10DA300043EC7FBFB00AC93CE6F47FBFB6C9963C51
:10DA400011FB7FBF900E493CC4FE7FBF890FC93BCD
:10DA5000000080BF00000000C4FE7FBF890FC9BB6B
:10DA600011FB7FBF900E49BCE6F47FBFB6C996BCE0
:10DA700043EC7FBFB00AC9BC29E17FBFB949FBBCF9
:10DA800098D37FBF2CC316BD8FC37FBF07E02FBDC8
:10DA90000FB17FBF2FFB48BD189C7FBF681462BDCC
:10DAA000AB847FBF742B7BBDC76A7FBF0A208ABD52
:10DAB0006D4E7FBF05A996BD9D2F7FBF8C30A3BD46
:10DAC000580E7FBF80B6AFBD9DEA7EBFC33ABCBDD6
:10DAD0006DC47EBF36BDC8BDC99B7EBFB93DD5BD37
:10DAE000B0707EBF2EBCE1BD23437EBF7638EEBD55
:10DAF00024137EBF73B2FABDB1E07DBF029503BEB1
:10DB0000CCAB7DBF86CF09BE74747DBFB70810BE95
:10DB1000AC3A7DBF834016BE73FE7CBFDE761CBE72
:10DB2000C9BF7CBFB6AB22BEB07E7CBFFCDE28BEC8
:10DB3000283B7CBFA2102FBE31F57BBF984035BE7D
:10DB4000CDAC7BBFCF6E3BBEFC617BBF379B41BE84
:10DB5000BE147BBFC2C547BE16C57ABF60EE4DBEC0
:10DB600002737ABF011554BE841E7ABF97395ABE1C
:10DB70009DC779BF135C60BE4E6E79BF667C66BE82
:10DB8000981279BF7F9A6CBE7BB478BF51B672BED3
:10DB9000F85378BFCCCF78BE10F177BFE1E67EBEF8
:10DBA000C58B77BFC07D82BE172477BFCE8685BE6A
:10DBB00007BA76BF938E88BE974D76BF07958BBE0A
:10DBC000C6DE75BF229A8EBE976D75BFDD9D91BE74
:10DBD0000BFA74BF31A094BE228474BF17A197BE04
:10DBE000DD0B74BF86A09ABE3F9173BF789E9DBE29
:10DBF000471473BFE59AA0BEF89472BFC595A3BE43
:10DC0000521372BF128FA6BE578F71BFC486A9BEB2
:10DC1000080971BFD47CACBE668070BF3A71AFBEDC
:10DC200073F56FBFEF63B2BE30686FBFEC54B5BE23
:10DC30009ED86EBF2A44B8BEBE466EBFA031BBBEE2
:10DC400093B26DBF4A1DBEBE1D1C6DBF1E07C1BE77
:10DC50005E836CBF15EFC3BE58E86BBF29D5C6BE47
:10DC60000C4B6BBF53B9C9BE7BAB6ABF8B9BCCBEA1
:10DC7000A7096ABFCA7BCFBE916569BF095AD2BEE8
:10DC80003CBF68BF4136D5BEA81668BF6B10D8BE72
:10DC9000D86B67BF80E8DABECCBE66BF79BEDDBE9A
:10DCA000880F66BF4F92E0BE0B5E65BFFA63E3BEAE
:10DCB00059AA64BF7533E6BE73F463BFB700E9BE0B
:10DCC0005A3C63BFBBCBEBBE108262BF7994EEBE01
:10DCD00098C561BFEA5AF1BEF20661BF071FF4BEE4
:10DCE000214660BFCBE0F6BE27835FBF2DA0F9BE03
:10DCF00005BE5EBF275DFCBEBEF65DBFB217FFBEB0
:10DD0000532D5DBFE4E700BFC7615CBFB14202BFF6
:10DD10001A945BBF3D9C03BF50C45ABF84F404BF38
:10DD20006AF259BF824B06BF6A1E59BF36A107BFB0
:10DD3000534858BF9BF508BF267057BFAD480ABF70
:10DD4000E59556BF6B9A0BBF93B955BFD0EA0CBF90
:10DD500031DB54BFDA390EBFC3FA53BF84870FBF1C
:10DD6000491853BFCDD310BFC63352BFB01E12BF28
:10DD70003D4D51BF2A6813BFAF6450BF39B014BFC7
:10DD80001F7A4FBFD9F615BF908D4EBF073C17BF06
:10DD9000029F4DBFC07F18BF79AE4CBF00C219BFF4
:10DDA000F8BB4BBFC6021BBF7FC74ABF0C421CBF9C
:10DDB00012D149BFD17F1DBFB3D848BF12BC1EBF0F
:10DDC00065DE47BFCBF61FBF2AE246BFF92F21BF52
:10DDD00003E445BF996722BFF5E344BFA99D23BF74
:10DDE00000E243BF25D224BF29DE42BF0A0526BF79
:10DDF00070D841BF563627BFDAD040BF056628BF6E
:10DE000067C73FBF159429BF1BBC3EBF82C02ABF56
:10DE1000F9AE3DBF4AEB2BBF03A03CBF69142DBF39
:10DE20003B8F3BBFDE3B2EBFA47C3ABFA5612FBF1B
:10DE3000426839BFBB8530BF165238BF1DA831BFFD
:10DE4000233A37BFC9C832BF6C2036BFBCE733BFE7
:10DE5000F30435BFF30435BFBCE733BF6C2036BFD6
:10DE6000C9C832BF233A37BF1DA831BF165238BFC9
:10DE7000BB8530BF426839BFA5612FBFA47C3ABFC4
:10DE8000DE3B2EBF3B8F3BBF69142DBF03A03CBFC1
:10DE90004AEB2BBFF9AE3DBF82C02ABF1BBC3EBFC1
:10DEA000159429BF67C73FBF056628BFDAD040BFBA
:10DEB000563627BF70D841BF0A0526BF29DE42BFAC
:10DEC00025D224BF00E243BFA99D23BFF5E344BF91
:10DED000996722BF03E445BFF92F21BF2AE246BF5D
:10DEE000CBF61FBF65DE47BF12BC1EBFB3D848BF0D
:10DEF000D17F1DBF12D149BF0C421CBF7FC74ABF93
:10DF0000C6021BBFF8BB4BBF00C219BF79AE4CBFE6
:10DF1000C07F18BF029F4DBF073C17BF908D4EBFFB
:10DF2000D9F615BF1F7A4FBF39B014BFAF6450BFC9
:10DF30002A6813BF3D4D51BFB01E12BFC63352BF3A
:10DF4000CDD310BF491853BF84870FBFC3FA53BF47
:10DF5000DA390EBF31DB54BFD0EA0CBF93B955BFDD
:10DF60006B9A0BBFE59556BFAD480ABF267057BFE9
:10DF70009BF508BF534858BF36A107BF6A1E59BF5B
:10DF8000824B06BF6AF259BF84F404BF50C45ABF23
:10DF90003D9C03BF1A945BBFB14202BFC7615CBF27
:10DFA000E4E700BF532D5DBFB217FFBEBEF65DBFF5
:10DFB000275DFCBE05BE5EBF2DA0F9BE27835FBFF7
:10DFC000CBE0F6BE214660BF071FF4BEF20661BF7C
:10DFD000EA5AF1BE98C561BF7994EEBE108262BF65
:10DFE000BBCBEBBE5A3C63BFB700E9BE73F463BF63
:10DFF0007533E6BE59AA64BFFA63E3BE0B5E65BF24
:10E000004F92E0BE880F66BF79BEDDBECCBE66BF54
:10E0100080E8DABED86B67BF6B10D8BEA81668BFA1
:10E020004136D5BE3CBF68BF095AD2BE916569BFB3
:10E03000CA7BCFBEA7096ABF8B9BCCBE7BAB6ABF36
:10E0400053B9C9BE0C4B6BBF29D5C6BE58E86BBFD0
:10E0500015EFC3BE5E836CBF1E07C1BE1D1C6DBF26
:10E060004A1DBEBE93B26DBFA031BBBEBE466EBFE1
:10E070002A44B8BE9ED86EBFEC54B5BE30686FBFA0
:10E08000EF63B2BE73F56FBF3A71AFBE668070BF0B
:10E09000D47CACBE080971BFC486A9BE578F71BFBE
:10E0A000128FA6BE521372BFC595A3BEF89472BF5D
:10E0B000E59AA0BE471473BF789E9DBE3F9173BF83
:10E0C00086A09ABEDD0B74BF17A197BE228474BFD1
:10E0D00031A094BE0BFA74BFDD9D91BE976D75BFE4
:10E0E000229A8EBEC6DE75BF07958BBE974D76BF52
:10E0F000938E88BE07BA76BFCE8685BE172477BFBB
:10E10000C07D82BEC58B77BFE1E67EBE10F177BFD2
:10E11000CCCF78BEF85378BF51B672BE7BB478BF0F
:10E120007F9A6CBE981279BF667C66BE4E6E79BFD0
:10E13000135C60BE9DC779BF97395ABE841E7ABFF3
:10E14000011554BE02737ABF60EE4DBE16C57ABF8C
:10E15000C2C547BEBE147BBF379B41BEFC617BBFBF
:10E16000CF6E3BBECDAC7BBF984035BE31F57BBF9B
:10E17000A2102FBE283B7CBFFCDE28BEB07E7CBF39
:10E18000B6AB22BEC9BF7CBFDE761CBE73FE7CBFB1
:10E19000834016BEAC3A7DBFB70810BE74747DBF15
:10E1A00086CF09BECCAB7DBF029503BEB1E07DBF7B
:10E1B00073B2FABD24137EBF7638EEBD23437EBF13
:10E1C0002EBCE1BDB0707EBFB93DD5BDC99B7EBF41
:10E1D00036BDC8BD6DC47EBFC33ABCBD9DEA7EBF1F
:10E1E00080B6AFBD580E7FBF8C30A3BD9D2F7FBFC3
:10E1F00005A996BD6D4E7FBF0A208ABDC76A7FBF45
:10E20000742B7BBDAB847FBF681462BD189C7FBF3D
:10E210002FFB48BD0FB17FBF07E02FBD8FC37FBF6E
:10E220002CC316BD98D37FBFB949FBBC29E17FBF82
:10E23000B00AC9BC43EC7FBFB6C996BCE6F47FBF49
:10E24000900E49BC11FB7FBF890FC9BBC4FE7FBFC5
:10E2500000000080000080BF890FC93BC4FE7FBF63
:10E26000900E493C11FB7FBFB6C9963CE6F47FBFD8
:10E27000B00AC93C43EC7FBFB949FB3C29E17FBFF1
:10E280002CC3163D98D37FBF07E02F3D8FC37FBFC0
:10E290002FFB483D0FB17FBF6814623D189C7FBFC4
:10E2A000742B7B3DAB847FBF0A208A3DC76A7FBF4A
:10E2B00005A9963D6D4E7FBF8C30A33D9D2F7FBF3E
:10E2C00080B6AF3D580E7FBFC33ABC3D9DEA7EBFCE
:10E2D00036BDC83D6DC47EBFB93DD53DC99B7EBF2F
:10E2E0002EBCE13DB0707EBF7638EE3D23437EBF4D
:10E2F00073B2FA3D24137EBF0295033EB1E07DBFA9
:10E3000086CF093ECCAB7DBFB708103E74747DBF8D
:10E310008340163EAC3A7DBFDE761C3E73FE7CBF6A
:10E32000B6AB223EC9BF7CBFFCDE283EB07E7CBFC0
:10E33000A2102F3E283B7CBF9840353E31F57BBF75
:10E34000CF6E3B3ECDAC7BBF379B413EFC617BBF7C
:10E35000C2C5473EBE147BBF60EE4D3E16C57ABFB8
:10E360000115543E02737ABF97395A3E841E7ABF14
:10E37000135C603E9DC779BF667C663E4E6E79BF7A
:10E380007F9A6C3E981279BF51B6723E7BB478BFCB
:10E39000CCCF783EF85378BFE1E67E3E10F177BFF0
:10E3A000C07D823EC58B77BFCE86853E172477BF62
:10E3B000938E883E07BA76BF07958B3E974D76BF02
:10E3C000229A8E3EC6DE75BFDD9D913E976D75BF6C
:10E3D00031A0943E0BFA74BF17A1973E228474BFFC
:10E3E00086A09A3EDD0B74BF789E9D3E3F9173BF21
:10E3F000E59AA03E471473BFC595A33EF89472BF3B
:10E40000128FA63E521372BFC486A93E578F71BFAA
:10E41000D47CAC3E080971BF3A71AF3E668070BFD4
:10E42000EF63B23E73F56FBFEC54B53E30686FBF1B
:10E430002A44B83E9ED86EBFA031BB3EBE466EBFDA
:10E440004A1DBE3E93B26DBF1E07C13E1D1C6DBF6F
:10E4500015EFC33E5E836CBF29D5C63E58E86BBF3F
:10E4600053B9C93E0C4B6BBF8B9BCC3E7BAB6ABF99
:10E47000CA7BCF3EA7096ABF095AD23E916569BFE0
:10E480004136D53E3CBF68BF6B10D83EA81668BF6A
:10E4900080E8DA3ED86B67BF79BEDD3ECCBE66BF92
:10E4A0004F92E03E880F66BFFA63E33E0B5E65BFA6
:10E4B0007533E63E59AA64BFB700E93E73F463BF03
:10E4C000BBCBEB3E5A3C63BF7994EE3E108262BFF9
:10E4D000EA5AF13E98C561BF071FF43EF20661BFDC
:10E4E000CBE0F63E214660BF2DA0F93E27835FBFFB
:10E4F000275DFC3E05BE5EBFB217FF3EBEF65DBFA8
:10E50000E4E7003F532D5DBFB142023FC7615CBFEE
:10E510003D9C033F1A945BBF84F4043F50C45ABF30
:10E52000824B063F6AF259BF36A1073F6A1E59BFA8
:10E530009BF5083F534858BFAD480A3F267057BF68
:10E540006B9A0B3FE59556BFD0EA0C3F93B955BF88
:10E55000DA390E3F31DB54BF84870F3FC3FA53BF14
:10E56000CDD3103F491853BFB01E123FC63352BF20
:10E570002A68133F3D4D51BF39B0143FAF6450BFBF
:10E58000D9F6153F1F7A4FBF073C173F908D4EBFFE
:10E59000C07F183F029F4DBF00C2193F79AE4CBFEC
:10E5A000C6021B3FF8BB4BBF0C421C3F7FC74ABF94
:10E5B000D17F1D3F12D149BF12BC1E3FB3D848BF07
:10E5C000CBF61F3F65DE47BFF92F213F2AE246BF4A
:10E5D0009967223F03E445BFA99D233FF5E344BF6C
:10E5E00025D2243F00E243BF0A05263F29DE42BF71
:10E5F0005636273F70D841BF0566283FDAD040BF66
:10E600001594293F67C73FBF82C02A3F1BBC3EBF4E
:10E610004AEB2B3FF9AE3DBF69142D3F03A03CBF31
:10E62000DE3B2E3F3B8F3BBFA5612F3FA47C3ABF13
:10E63000BB85303F426839BF1DA8313F165238BFF5
:10E64000C9C8323F233A37BFBCE7333F6C2036BFDF
:10E65000F304353FF30435BF6C20363FBCE733BFCE
:10E66000233A373FC9C832BF1652383F1DA831BFC1
:10E670004268393FBB8530BFA47C3A3FA5612FBFBC
:10E680003B8F3B3FDE3B2EBF03A03C3F69142DBFB9
:10E69000F9AE3D3F4AEB2BBF1BBC3E3F82C02ABFB9
:10E6A00067C73F3F159429BFDAD0403F056628BFB2
:10E6B00070D8413F563627BF29DE423F0A0526BFA4
:10E6C00000E2433F25D224BFF5E3443FA99D23BF89
:10E6D00003E4453F996722BF2AE2463FF92F21BF55
:10E6E00065DE473FCBF61FBFB3D8483F12BC1EBF05
:10E6F00012D1493FD17F1DBF7FC74A3F0C421CBF8B
:10E70000F8BB4B3FC6021BBF79AE4C3F00C219BFDE
:10E71000029F4D3FC07F18BF908D4E3F073C17BFF3
:10E720001F7A4F3FD9F615BFAF64503F39B014BFC1
:10E730003D4D513F2A6813BFC633523FB01E12BF32
:10E740004918533FCDD310BFC3FA533F84870FBF3F
:10E7500031DB543FDA390EBF93B9553FD0EA0CBFD5
:10E76000E595563F6B9A0BBF2670573FAD480ABFE1
:10E770005348583F9BF508BF6A1E593F36A107BF53
:10E780006AF2593F824B06BF50C45A3F84F404BF1B
:10E790001A945B3F3D9C03BFC7615C3FB14202BF1F
:10E7A000532D5D3FE4E700BFBEF65D3FB217FFBEED
:10E7B00005BE5E3F275DFCBE27835F3F2DA0F9BEEF
:10E7C0002146603FCBE0F6BEF206613F071FF4BE74
:10E7D00098C5613FEA5AF1BE1082623F7994EEBE5D
:10E7E0005A3C633FBBCBEBBE73F4633FB700E9BE5B
:10E7F00059AA643F7533E6BE0B5E653FFA63E3BE1C
:10E80000880F663F4F92E0BECCBE663F79BEDDBE4C
:10E81000D86B673F80E8DABEA816683F6B10D8BE99
:10E820003CBF683F4136D5BE9165693F095AD2BEAB
:10E83000A7096A3FCA7BCFBE7BAB6A3F8B9BCCBE2E
:10E840000C4B6B3F53B9C9BE58E86B3F29D5C6BEC8
:10E850005E836C3F15EFC3BE1D1C6D3F1E07C1BE1E
:10E8600093B26D3F4A1DBEBEBE466E3FA031BBBED9
:10E870009ED86E3F2A44B8BE30686F3FEC54B5BE98
:10E8800073F56F3FEF63B2BE6680703F3A71AFBE03
:10E890000809713FD47CACBE578F713FC486A9BEB6
:10E8A0005213723F128FA6BEF894723FC595A3BE55
:10E8B0004714733FE59AA0BE3F91733F789E9DBE7B
:10E8C000DD0B743F86A09ABE2284743F17A197BEC9
:10E8D0000BFA743F31A094BE976D753FDD9D91BEDC
:10E8E000C6DE753F229A8EBE974D763F07958BBE4A
:10E8F00007BA763F938E88BE1724773FCE8685BEB3
:10E90000C58B773FC07D82BE10F1773FE1E67EBECA
:10E91000F853783FCCCF78BE7BB4783F51B672BE07
:10E920009812793F7F9A6CBE4E6E793F667C66BEC8
:10E930009DC7793F135C60BE841E7A3F97395ABEEB
:10E9400002737A3F011554BE16C57A3F60EE4DBE84
:10E95000BE147B3FC2C547BEFC617B3F379B41BEB7
:10E96000CDAC7B3FCF6E3BBE31F57B3F984035BE93
:10E97000283B7C3FA2102FBEB07E7C3FFCDE28BE31
:10E98000C9BF7C3FB6AB22BE73FE7C3FDE761CBEA9
:10E99000AC3A7D3F834016BE74747D3FB70810BE0D
:10E9A000CCAB7D3F86CF09BEB1E07D3F029503BE73
:10E9B00024137E3F73B2FABD23437E3F7638EEBD0B
:10E9C000B0707E3F2EBCE1BDC99B7E3FB93DD5BD39
:10E9D0006DC47E3F36BDC8BD9DEA7E3FC33ABCBD17
:10E9E000580E7F3F80B6AFBD9D2F7F3F8C30A3BDBB
:10E9F0006D4E7F3F05A996BDC76A7F3F0A208ABD3D
:10EA0000AB847F3F742B7BBD189C7F3F681462BD35
:10EA10000FB17F3F2FFB48BD8FC37F3F07E02FBD66
:10EA200098D37F3F2CC316BD29E17F3FB949FBBC7A
:10EA300043EC7F3FB00AC9BCE6F47F3FB6C996BC41
:10EA400011FB7F3F900E49BCC4FE7F3F890FC9BBBD
:10EA500090EA0008000000201000000014020008E6
:10EA6000A0EA000810000020A838000030020008CA
:10EA70001C00000043000000F8FFFFFF0C00000036
:10EA80000E0000000F0000002E000000000000003B
:10EA90001000000001000000FFFF00000024F4004F
:04000005080001D915
:00000001FF
